{
  "type": "FeatureCollection",
  "features": [
    {
      "type": "Feature",
      "geometry": {
        "type": "Point",
        "coordinates": [
          3.45247,
          49.4613
        ]
      },
      "properties": {
        "slug": "allemant-campus-fruits-rouges-2025-sdwdst",
        "name": "Campus Fruits Rouges",
        "type_installation": "démonstrateur expérimental",
        "status": "raccorde",
        "year_commissioned": 2025,
        "operator_name": "Photosol Groupe - Photom",
        "developer_name": "Photosol Développement",
        "commune": "ALLEMANT",
        "code_dept": "02",
        "departement_name": "Aisne",
        "region_name": "Hauts-de-France",
        "puissance_mwc": 0.3,
        "surface_ha": null,
        "type_prod_1": "Cultures_spécialisées",
        "type_prod_1_details": "Fruits",
        "type_prod_2": null,
        "type_prod_3": null,
        "structure_pv": "Panneaux fixes",
        "source_primary": "ademe_agrivolt",
        "seen_in_sources": [
          "ademe_agrivolt"
        ],
        "verification_status": "verified",
        "first_seen_at": "2026-04-20T13:46:16.916584+00:00",
        "last_updated_at": "2026-04-20T18:02:51.278191+00:00"
      }
    },
    {
      "type": "Feature",
      "geometry": {
        "type": "Point",
        "coordinates": [
          3.353977,
          46.567657
        ]
      },
      "properties": {
        "slug": "bordezac-bordezac-gennetines-2014-dxzq5u",
        "name": "Bordezac - Gennetines",
        "type_installation": "installation pré-APER",
        "status": "raccorde",
        "year_commissioned": 2014,
        "operator_name": "Photosol Groupe - Photom",
        "developer_name": "Photosol Développement",
        "commune": "BORDEZAC",
        "code_dept": "03",
        "departement_name": "Allier",
        "region_name": "Auvergne-Rhône-Alpes",
        "puissance_mwc": 12.002,
        "surface_ha": null,
        "type_prod_1": "Elevage",
        "type_prod_1_details": "Ovins",
        "type_prod_2": null,
        "type_prod_3": null,
        "structure_pv": "Panneaux fixes",
        "source_primary": "ademe_agrivolt",
        "seen_in_sources": [
          "ademe_agrivolt"
        ],
        "verification_status": "verified",
        "first_seen_at": "2026-04-20T13:46:16.916584+00:00",
        "last_updated_at": "2026-04-20T18:02:51.278191+00:00"
      }
    },
    {
      "type": "Feature",
      "geometry": {
        "type": "Point",
        "coordinates": [
          2.649666,
          46.666929
        ]
      },
      "properties": {
        "slug": "braize-braize-2018-92djvt",
        "name": "Braize",
        "type_installation": "installation pré-APER",
        "status": "raccorde",
        "year_commissioned": 2018,
        "operator_name": null,
        "developer_name": "JPEE",
        "commune": "BRAIZE",
        "code_dept": "03",
        "departement_name": "Allier",
        "region_name": "Auvergne-Rhône-Alpes",
        "puissance_mwc": null,
        "surface_ha": null,
        "type_prod_1": "Elevage",
        "type_prod_1_details": "Ovins",
        "type_prod_2": null,
        "type_prod_3": null,
        "structure_pv": "Panneaux fixes",
        "source_primary": "ademe_agrivolt",
        "seen_in_sources": [
          "ademe_agrivolt"
        ],
        "verification_status": "verified",
        "first_seen_at": "2026-04-20T13:46:16.916584+00:00",
        "last_updated_at": "2026-04-20T18:02:51.278191+00:00"
      }
    },
    {
      "type": "Feature",
      "geometry": {
        "type": "Point",
        "coordinates": [
          3.550682,
          46.610549
        ]
      },
      "properties": {
        "slug": "chevagnes-chevagnes-2-2029-fjxgce",
        "name": "Chevagnes 2",
        "type_installation": "installation pré-APER",
        "status": "autorise",
        "year_commissioned": 2029,
        "operator_name": "Photosol Groupe - Photom",
        "developer_name": "Photosol Développement",
        "commune": "CHEVAGNES",
        "code_dept": "03",
        "departement_name": "Allier",
        "region_name": "Auvergne-Rhône-Alpes",
        "puissance_mwc": 27.0,
        "surface_ha": null,
        "type_prod_1": "Elevage",
        "type_prod_1_details": "Ovins",
        "type_prod_2": null,
        "type_prod_3": null,
        "structure_pv": "Panneaux fixes",
        "source_primary": "ademe_agrivolt",
        "seen_in_sources": [
          "ademe_agrivolt"
        ],
        "verification_status": "verified",
        "first_seen_at": "2026-04-20T13:46:16.916584+00:00",
        "last_updated_at": "2026-04-20T18:02:51.278191+00:00"
      }
    },
    {
      "type": "Feature",
      "geometry": {
        "type": "Point",
        "coordinates": [
          2.536866,
          46.359995
        ]
      },
      "properties": {
        "slug": "domerat-domerat-2018-c9h0lj",
        "name": "Domérat",
        "type_installation": "installation pré-APER",
        "status": "raccorde",
        "year_commissioned": 2018,
        "operator_name": "Photosol Groupe - Photom",
        "developer_name": "Photosol Développement",
        "commune": "DOMERAT",
        "code_dept": "03",
        "departement_name": "Allier",
        "region_name": "Auvergne-Rhône-Alpes",
        "puissance_mwc": 4.996,
        "surface_ha": null,
        "type_prod_1": "Elevage",
        "type_prod_1_details": "Ovins",
        "type_prod_2": null,
        "type_prod_3": null,
        "structure_pv": "Panneaux fixes",
        "source_primary": "ademe_agrivolt",
        "seen_in_sources": [
          "ademe_agrivolt"
        ],
        "verification_status": "verified",
        "first_seen_at": "2026-04-20T13:46:16.916584+00:00",
        "last_updated_at": "2026-04-20T18:02:51.278191+00:00"
      }
    },
    {
      "type": "Feature",
      "geometry": {
        "type": "Point",
        "coordinates": [
          3.681275,
          46.521628
        ]
      },
      "properties": {
        "slug": "dompierre-bordezac-dompierre-diou-2013-o2cq1q",
        "name": "Bordezac - dompierre - Diou",
        "type_installation": "installation pré-APER",
        "status": "raccorde",
        "year_commissioned": 2013,
        "operator_name": "Photosol Groupe - Photom",
        "developer_name": "Photosol Développement",
        "commune": "DOMPIERRE",
        "code_dept": "03",
        "departement_name": "Allier",
        "region_name": "Auvergne-Rhône-Alpes",
        "puissance_mwc": 12.001,
        "surface_ha": null,
        "type_prod_1": "Elevage",
        "type_prod_1_details": "Ovins",
        "type_prod_2": null,
        "type_prod_3": null,
        "structure_pv": "Panneaux fixes",
        "source_primary": "ademe_agrivolt",
        "seen_in_sources": [
          "ademe_agrivolt"
        ],
        "verification_status": "verified",
        "first_seen_at": "2026-04-20T13:46:16.916584+00:00",
        "last_updated_at": "2026-04-20T18:02:51.278191+00:00"
      }
    },
    {
      "type": "Feature",
      "geometry": {
        "type": "Point",
        "coordinates": [
          3.430396,
          46.411208
        ]
      },
      "properties": {
        "slug": "gouise-gouise-2025-dvli7j",
        "name": "Gouise",
        "type_installation": "démonstrateur expérimental",
        "status": "autorise",
        "year_commissioned": 2025,
        "operator_name": "Photosol Groupe - Photom",
        "developer_name": "Photosol Développement",
        "commune": "GOUISE",
        "code_dept": "03",
        "departement_name": "Allier",
        "region_name": "Auvergne-Rhône-Alpes",
        "puissance_mwc": 0.3,
        "surface_ha": null,
        "type_prod_1": "Elevage",
        "type_prod_1_details": "Bovins",
        "type_prod_2": null,
        "type_prod_3": null,
        "structure_pv": "Panneaux mobiles / trackers",
        "source_primary": "ademe_agrivolt",
        "seen_in_sources": [
          "ademe_agrivolt"
        ],
        "verification_status": "verified",
        "first_seen_at": "2026-04-20T13:46:16.916584+00:00",
        "last_updated_at": "2026-04-20T18:02:51.278191+00:00"
      }
    },
    {
      "type": "Feature",
      "geometry": {
        "type": "Point",
        "coordinates": [
          3.793273,
          46.350717
        ]
      },
      "properties": {
        "slug": "le-donjon-le-donjon-2021-q3t4ef",
        "name": "Le Donjon",
        "type_installation": "installation pré-APER",
        "status": "raccorde",
        "year_commissioned": 2021,
        "operator_name": "Photosol Groupe - Photom",
        "developer_name": "Photosol Développement",
        "commune": "LE DONJON",
        "code_dept": "03",
        "departement_name": "Allier",
        "region_name": "Auvergne-Rhône-Alpes",
        "puissance_mwc": 24.0,
        "surface_ha": null,
        "type_prod_1": "Elevage",
        "type_prod_1_details": "Ovins",
        "type_prod_2": null,
        "type_prod_3": null,
        "structure_pv": "Panneaux fixes",
        "source_primary": "ademe_agrivolt",
        "seen_in_sources": [
          "ademe_agrivolt"
        ],
        "verification_status": "verified",
        "first_seen_at": "2026-04-20T13:46:16.916584+00:00",
        "last_updated_at": "2026-04-20T18:02:51.278191+00:00"
      }
    },
    {
      "type": "Feature",
      "geometry": {
        "type": "Point",
        "coordinates": [
          3.353977,
          46.567657
        ]
      },
      "properties": {
        "slug": "yzeure-yzeure-2018-mfnk65",
        "name": "Yzeure",
        "type_installation": "installation pré-APER",
        "status": "raccorde",
        "year_commissioned": 2018,
        "operator_name": "Photosol Groupe - Photom",
        "developer_name": "Photosol Développement",
        "commune": "YZEURE",
        "code_dept": "03",
        "departement_name": "Allier",
        "region_name": "Auvergne-Rhône-Alpes",
        "puissance_mwc": 4.998,
        "surface_ha": null,
        "type_prod_1": "Elevage",
        "type_prod_1_details": "Ovins",
        "type_prod_2": null,
        "type_prod_3": null,
        "structure_pv": "Panneaux fixes",
        "source_primary": "ademe_agrivolt",
        "seen_in_sources": [
          "ademe_agrivolt"
        ],
        "verification_status": "verified",
        "first_seen_at": "2026-04-20T13:46:16.916584+00:00",
        "last_updated_at": "2026-04-20T18:02:51.278191+00:00"
      }
    },
    {
      "type": "Feature",
      "geometry": {
        "type": "Point",
        "coordinates": [
          5.840117,
          44.263538
        ]
      },
      "properties": {
        "slug": "mison-mison-2014-0hyari",
        "name": "Mison",
        "type_installation": "installation pré-APER",
        "status": "raccorde",
        "year_commissioned": 2014,
        "operator_name": "ARKOLIA",
        "developer_name": "ARKOLIA",
        "commune": "MISON",
        "code_dept": "04",
        "departement_name": "Alpes-de-Haute-Provence",
        "region_name": "Provence-Alpes-Côte d'Azur",
        "puissance_mwc": 2.3,
        "surface_ha": null,
        "type_prod_1": "Elevage",
        "type_prod_1_details": "Ovins",
        "type_prod_2": null,
        "type_prod_3": null,
        "structure_pv": "Panneaux fixes",
        "source_primary": "ademe_agrivolt",
        "seen_in_sources": [
          "ademe_agrivolt"
        ],
        "verification_status": "verified",
        "first_seen_at": "2026-04-20T13:46:16.916584+00:00",
        "last_updated_at": "2026-04-20T18:02:51.278191+00:00"
      }
    },
    {
      "type": "Feature",
      "geometry": {
        "type": "Point",
        "coordinates": [
          5.823018,
          44.314892
        ]
      },
      "properties": {
        "slug": "laragne-monteglin-sans-nom-2023-vt4du3",
        "name": null,
        "type_installation": "installation pré-APER",
        "status": "raccorde",
        "year_commissioned": 2023,
        "operator_name": null,
        "developer_name": "REDEN SOLAR",
        "commune": "LARAGNE-MONTEGLIN",
        "code_dept": "05",
        "departement_name": "Hautes-Alpes",
        "region_name": "Provence-Alpes-Côte d'Azur",
        "puissance_mwc": null,
        "surface_ha": null,
        "type_prod_1": "Cultures_spécialisées",
        "type_prod_1_details": "Viticulture",
        "type_prod_2": "Cultures_spécialisées",
        "type_prod_3": "Cultures_spécialisées",
        "structure_pv": "Serres",
        "source_primary": "ademe_agrivolt",
        "seen_in_sources": [
          "ademe_agrivolt"
        ],
        "verification_status": "verified",
        "first_seen_at": "2026-04-20T13:46:16.916584+00:00",
        "last_updated_at": "2026-04-20T18:02:51.278191+00:00"
      }
    },
    {
      "type": "Feature",
      "geometry": {
        "type": "Point",
        "coordinates": [
          4.800277,
          44.825
        ]
      },
      "properties": {
        "slug": "beauchastel-serre-beauchastel-2020-wj4gtd",
        "name": "Serre Beauchastel",
        "type_installation": "installation pré-APER",
        "status": "raccorde",
        "year_commissioned": 2020,
        "operator_name": null,
        "developer_name": "Apex energies",
        "commune": "BEAUCHASTEL",
        "code_dept": "07",
        "departement_name": "Ardèche",
        "region_name": "Auvergne-Rhône-Alpes",
        "puissance_mwc": 2.5,
        "surface_ha": null,
        "type_prod_1": "Cultures_spécialisées",
        "type_prod_1_details": "Légumes",
        "type_prod_2": "Cultures_spécialisées",
        "type_prod_3": null,
        "structure_pv": "Serres",
        "source_primary": "ademe_agrivolt",
        "seen_in_sources": [
          "ademe_agrivolt"
        ],
        "verification_status": "verified",
        "first_seen_at": "2026-04-20T13:46:16.916584+00:00",
        "last_updated_at": "2026-04-20T18:02:51.278191+00:00"
      }
    },
    {
      "type": "Feature",
      "geometry": {
        "type": "Point",
        "coordinates": [
          1.306818,
          43.144467
        ]
      },
      "properties": {
        "slug": "daumazan-sur-arize-daumazan-2014-fbnc5s",
        "name": "Daumazan",
        "type_installation": "installation pré-APER",
        "status": "raccorde",
        "year_commissioned": 2014,
        "operator_name": "ARKOLIA",
        "developer_name": "ARKOLIA",
        "commune": "DAUMAZAN SUR ARIZE",
        "code_dept": "09",
        "departement_name": "Ariège",
        "region_name": "Occitanie",
        "puissance_mwc": 10.4,
        "surface_ha": null,
        "type_prod_1": "Elevage",
        "type_prod_1_details": "Ovins",
        "type_prod_2": null,
        "type_prod_3": null,
        "structure_pv": "Panneaux fixes",
        "source_primary": "ademe_agrivolt",
        "seen_in_sources": [
          "ademe_agrivolt"
        ],
        "verification_status": "verified",
        "first_seen_at": "2026-04-20T13:46:16.916584+00:00",
        "last_updated_at": "2026-04-20T18:02:51.278191+00:00"
      }
    },
    {
      "type": "Feature",
      "geometry": {
        "type": "Point",
        "coordinates": [
          -0.200051,
          43.129873
        ]
      },
      "properties": {
        "slug": "montaut-sans-nom-2024-yt8vvd",
        "name": null,
        "type_installation": "installation pré-APER",
        "status": "raccorde",
        "year_commissioned": 2024,
        "operator_name": null,
        "developer_name": "REDEN SOLAR",
        "commune": "MONTAUT",
        "code_dept": "09",
        "departement_name": "Ariège",
        "region_name": "Occitanie",
        "puissance_mwc": null,
        "surface_ha": null,
        "type_prod_1": "Cultures_spécialisées",
        "type_prod_1_details": "Fruits",
        "type_prod_2": null,
        "type_prod_3": null,
        "structure_pv": "Serres",
        "source_primary": "ademe_agrivolt",
        "seen_in_sources": [
          "ademe_agrivolt"
        ],
        "verification_status": "verified",
        "first_seen_at": "2026-04-20T13:46:16.916584+00:00",
        "last_updated_at": "2026-04-20T18:02:51.278191+00:00"
      }
    },
    {
      "type": "Feature",
      "geometry": {
        "type": "Point",
        "coordinates": [
          1.953349,
          43.319202
        ]
      },
      "properties": {
        "slug": "castelnaudary-sans-nom-7aq2i8",
        "name": null,
        "type_installation": "installation pré-APER",
        "status": "raccorde",
        "year_commissioned": null,
        "operator_name": null,
        "developer_name": "URBASOLAR",
        "commune": "CASTELNAUDARY",
        "code_dept": "11",
        "departement_name": "Aude",
        "region_name": "Occitanie",
        "puissance_mwc": 3.3,
        "surface_ha": null,
        "type_prod_1": "Cultures_spécialisées",
        "type_prod_1_details": "Fruits",
        "type_prod_2": null,
        "type_prod_3": null,
        "structure_pv": "Serres",
        "source_primary": "ademe_agrivolt",
        "seen_in_sources": [
          "ademe_agrivolt"
        ],
        "verification_status": "verified",
        "first_seen_at": "2026-04-20T13:46:16.916584+00:00",
        "last_updated_at": "2026-04-20T18:02:51.278191+00:00"
      }
    },
    {
      "type": "Feature",
      "geometry": {
        "type": "Point",
        "coordinates": [
          2.816826,
          43.191577
        ]
      },
      "properties": {
        "slug": "cruscades-sans-nom-j5uuwa",
        "name": null,
        "type_installation": "installation pré-APER",
        "status": "raccorde",
        "year_commissioned": null,
        "operator_name": null,
        "developer_name": "Sun'Agri",
        "commune": "CRUSCADES",
        "code_dept": "11",
        "departement_name": "Aude",
        "region_name": "Occitanie",
        "puissance_mwc": 6.0,
        "surface_ha": null,
        "type_prod_1": "Cultures_spécialisées",
        "type_prod_1_details": "Viticulture",
        "type_prod_2": null,
        "type_prod_3": null,
        "structure_pv": "Panneaux mobiles / trackers",
        "source_primary": "ademe_agrivolt",
        "seen_in_sources": [
          "ademe_agrivolt"
        ],
        "verification_status": "verified",
        "first_seen_at": "2026-04-20T13:46:16.916584+00:00",
        "last_updated_at": "2026-04-20T18:02:51.278191+00:00"
      }
    },
    {
      "type": "Feature",
      "geometry": {
        "type": "Point",
        "coordinates": [
          2.034396,
          43.18501
        ]
      },
      "properties": {
        "slug": "fanjeaux-centrale-photovoltaique-de-fanjeaux-2021-3uphiv",
        "name": "Centrale photovoltaïque de Fanjeaux",
        "type_installation": "installation pré-APER",
        "status": "raccorde",
        "year_commissioned": 2021,
        "operator_name": null,
        "developer_name": "ENGIE",
        "commune": "FANJEAUX",
        "code_dept": "11",
        "departement_name": "Aude",
        "region_name": "Occitanie",
        "puissance_mwc": 18.0,
        "surface_ha": null,
        "type_prod_1": "Elevage",
        "type_prod_1_details": "Ovins",
        "type_prod_2": null,
        "type_prod_3": null,
        "structure_pv": "Panneaux fixes",
        "source_primary": "ademe_agrivolt",
        "seen_in_sources": [
          "ademe_agrivolt"
        ],
        "verification_status": "verified",
        "first_seen_at": "2026-04-20T13:46:16.916584+00:00",
        "last_updated_at": "2026-04-20T18:02:51.278191+00:00"
      }
    },
    {
      "type": "Feature",
      "geometry": {
        "type": "Point",
        "coordinates": [
          2.757498,
          43.200884
        ]
      },
      "properties": {
        "slug": "la-domeque-la-domeque-b-2023-y6tkqt",
        "name": "La Domèque B",
        "type_installation": "installation pré-APER",
        "status": "raccorde",
        "year_commissioned": 2023,
        "operator_name": null,
        "developer_name": "Sun'Agri",
        "commune": "LA DOMEQUE",
        "code_dept": "11",
        "departement_name": "Aude",
        "region_name": "Occitanie",
        "puissance_mwc": 3.008,
        "surface_ha": null,
        "type_prod_1": "Cultures_spécialisées",
        "type_prod_1_details": "Viticulture",
        "type_prod_2": null,
        "type_prod_3": null,
        "structure_pv": "Panneaux mobiles / trackers",
        "source_primary": "ademe_agrivolt",
        "seen_in_sources": [
          "ademe_agrivolt"
        ],
        "verification_status": "verified",
        "first_seen_at": "2026-04-20T13:46:16.916584+00:00",
        "last_updated_at": "2026-04-20T18:02:51.278191+00:00"
      }
    },
    {
      "type": "Feature",
      "geometry": {
        "type": "Point",
        "coordinates": [
          3.027015,
          42.909989
        ]
      },
      "properties": {
        "slug": "leucate-leucate-2022-fgyn-e",
        "name": "Leucate",
        "type_installation": "installation pré-APER",
        "status": "raccorde",
        "year_commissioned": 2022,
        "operator_name": null,
        "developer_name": "Sun'Agri",
        "commune": "LEUCATE",
        "code_dept": "11",
        "departement_name": "Aude",
        "region_name": "Occitanie",
        "puissance_mwc": 0.828,
        "surface_ha": null,
        "type_prod_1": "Cultures_spécialisées",
        "type_prod_1_details": "Viticulture",
        "type_prod_2": null,
        "type_prod_3": null,
        "structure_pv": "Panneaux mobiles / trackers",
        "source_primary": "ademe_agrivolt",
        "seen_in_sources": [
          "ademe_agrivolt"
        ],
        "verification_status": "verified",
        "first_seen_at": "2026-04-20T13:46:16.916584+00:00",
        "last_updated_at": "2026-04-20T18:02:51.278191+00:00"
      }
    },
    {
      "type": "Feature",
      "geometry": {
        "type": "Point",
        "coordinates": [
          2.03849,
          43.2207
        ]
      },
      "properties": {
        "slug": "villasavary-sans-nom-qu5rdb",
        "name": null,
        "type_installation": "installation pré-APER",
        "status": "raccorde",
        "year_commissioned": null,
        "operator_name": null,
        "developer_name": "REDEN SOLAR",
        "commune": "VILLASAVARY",
        "code_dept": "11",
        "departement_name": "Aude",
        "region_name": "Occitanie",
        "puissance_mwc": null,
        "surface_ha": null,
        "type_prod_1": "Cultures_spécialisées",
        "type_prod_1_details": "Fruits",
        "type_prod_2": null,
        "type_prod_3": null,
        "structure_pv": "Serres",
        "source_primary": "ademe_agrivolt",
        "seen_in_sources": [
          "ademe_agrivolt"
        ],
        "verification_status": "verified",
        "first_seen_at": "2026-04-20T13:46:16.916584+00:00",
        "last_updated_at": "2026-04-20T18:02:51.278191+00:00"
      }
    },
    {
      "type": "Feature",
      "geometry": {
        "type": "Point",
        "coordinates": [
          2.365365,
          43.252224
        ]
      },
      "properties": {
        "slug": "villemoustaussou-demonstrateur-de-rivals-2023-ftvlix",
        "name": "Démonstrateur de Rivals",
        "type_installation": "démonstrateur expérimental",
        "status": "raccorde",
        "year_commissioned": 2023,
        "operator_name": "OMBREA",
        "developer_name": "OMBREA",
        "commune": "VILLEMOUSTAUSSOU",
        "code_dept": "11",
        "departement_name": "Aude",
        "region_name": "Occitanie",
        "puissance_mwc": 0.087,
        "surface_ha": null,
        "type_prod_1": "Cultures_spécialisées",
        "type_prod_1_details": "Viticulture",
        "type_prod_2": "Cultures_spécialisées",
        "type_prod_3": null,
        "structure_pv": "Panneaux mobiles / trackers",
        "source_primary": "ademe_agrivolt",
        "seen_in_sources": [
          "ademe_agrivolt"
        ],
        "verification_status": "verified",
        "first_seen_at": "2026-04-20T13:46:16.916584+00:00",
        "last_updated_at": "2026-04-20T18:02:51.278191+00:00"
      }
    },
    {
      "type": "Feature",
      "geometry": {
        "type": "Point",
        "coordinates": [
          4.630965,
          43.677622
        ]
      },
      "properties": {
        "slug": "arles-arles-2027-cjj-zw",
        "name": "Arles",
        "type_installation": "installation pré-APER",
        "status": "autorise",
        "year_commissioned": 2027,
        "operator_name": null,
        "developer_name": "Sun'Agri",
        "commune": "ARLES",
        "code_dept": "13",
        "departement_name": "Bouches-du-Rhône",
        "region_name": "Provence-Alpes-Côte d'Azur",
        "puissance_mwc": 4.2,
        "surface_ha": null,
        "type_prod_1": "Cultures_spécialisées",
        "type_prod_1_details": "Viticulture",
        "type_prod_2": null,
        "type_prod_3": null,
        "structure_pv": "Panneaux mobiles / trackers",
        "source_primary": "ademe_agrivolt",
        "seen_in_sources": [
          "ademe_agrivolt"
        ],
        "verification_status": "verified",
        "first_seen_at": "2026-04-20T13:46:16.916584+00:00",
        "last_updated_at": "2026-04-20T18:02:51.278191+00:00"
      }
    },
    {
      "type": "Feature",
      "geometry": {
        "type": "Point",
        "coordinates": [
          5.167349,
          43.475825
        ]
      },
      "properties": {
        "slug": "berre-l-etang-sans-nom-2020-hbdoij",
        "name": null,
        "type_installation": "installation pré-APER",
        "status": "raccorde",
        "year_commissioned": 2020,
        "operator_name": null,
        "developer_name": "URBASOLAR",
        "commune": "BERRE-L'ETANG",
        "code_dept": "13",
        "departement_name": "Bouches-du-Rhône",
        "region_name": "Provence-Alpes-Côte d'Azur",
        "puissance_mwc": null,
        "surface_ha": null,
        "type_prod_1": "Cultures_spécialisées",
        "type_prod_1_details": "Fruits",
        "type_prod_2": null,
        "type_prod_3": null,
        "structure_pv": "Serres",
        "source_primary": "ademe_agrivolt",
        "seen_in_sources": [
          "ademe_agrivolt"
        ],
        "verification_status": "verified",
        "first_seen_at": "2026-04-20T13:46:16.916584+00:00",
        "last_updated_at": "2026-04-20T18:02:51.278191+00:00"
      }
    },
    {
      "type": "Feature",
      "geometry": {
        "type": "Point",
        "coordinates": [
          4.69462,
          43.861618
        ]
      },
      "properties": {
        "slug": "boulbon-sans-nom-2022-bn3g1q",
        "name": null,
        "type_installation": "installation pré-APER",
        "status": "raccorde",
        "year_commissioned": 2022,
        "operator_name": null,
        "developer_name": "URBASOLAR",
        "commune": "BOULBON",
        "code_dept": "13",
        "departement_name": "Bouches-du-Rhône",
        "region_name": "Provence-Alpes-Côte d'Azur",
        "puissance_mwc": null,
        "surface_ha": null,
        "type_prod_1": "Cultures_spécialisées",
        "type_prod_1_details": "Légumes",
        "type_prod_2": null,
        "type_prod_3": null,
        "structure_pv": "Serres",
        "source_primary": "ademe_agrivolt",
        "seen_in_sources": [
          "ademe_agrivolt"
        ],
        "verification_status": "verified",
        "first_seen_at": "2026-04-20T13:46:16.916584+00:00",
        "last_updated_at": "2026-04-20T18:02:51.278191+00:00"
      }
    },
    {
      "type": "Feature",
      "geometry": {
        "type": "Point",
        "coordinates": [
          4.85568,
          43.882045
        ]
      },
      "properties": {
        "slug": "chateaurenard-chateaurenard-2022-fc2hhg",
        "name": "Chateaurenard",
        "type_installation": "installation pré-APER",
        "status": "raccorde",
        "year_commissioned": 2022,
        "operator_name": "Neoen",
        "developer_name": "Neoen",
        "commune": "CHATEAURENARD",
        "code_dept": "13",
        "departement_name": "Bouches-du-Rhône",
        "region_name": "Provence-Alpes-Côte d'Azur",
        "puissance_mwc": 12.0,
        "surface_ha": null,
        "type_prod_1": "Elevage",
        "type_prod_1_details": "Ovins",
        "type_prod_2": "Cultures_spécialisées",
        "type_prod_3": null,
        "structure_pv": "Panneaux fixes",
        "source_primary": "ademe_agrivolt",
        "seen_in_sources": [
          "ademe_agrivolt"
        ],
        "verification_status": "verified",
        "first_seen_at": "2026-04-20T13:46:16.916584+00:00",
        "last_updated_at": "2026-04-20T18:02:51.278191+00:00"
      }
    },
    {
      "type": "Feature",
      "geometry": {
        "type": "Point",
        "coordinates": [
          4.85568,
          43.882045
        ]
      },
      "properties": {
        "slug": "chateaurenard-sans-nom-2020-dghote",
        "name": null,
        "type_installation": "installation pré-APER",
        "status": "raccorde",
        "year_commissioned": 2020,
        "operator_name": null,
        "developer_name": "URBASOLAR",
        "commune": "CHATEAURENARD",
        "code_dept": "13",
        "departement_name": "Bouches-du-Rhône",
        "region_name": "Provence-Alpes-Côte d'Azur",
        "puissance_mwc": 0.9,
        "surface_ha": null,
        "type_prod_1": "Cultures_spécialisées",
        "type_prod_1_details": "Légumes",
        "type_prod_2": null,
        "type_prod_3": null,
        "structure_pv": "Serres",
        "source_primary": "ademe_agrivolt",
        "seen_in_sources": [
          "ademe_agrivolt"
        ],
        "verification_status": "verified",
        "first_seen_at": "2026-04-20T13:46:16.916584+00:00",
        "last_updated_at": "2026-04-20T18:02:51.278191+00:00"
      }
    },
    {
      "type": "Feature",
      "geometry": {
        "type": "Point",
        "coordinates": [
          4.841086,
          43.841212
        ]
      },
      "properties": {
        "slug": "eyragues-sans-nom-uzqax7",
        "name": null,
        "type_installation": "installation pré-APER",
        "status": "raccorde",
        "year_commissioned": null,
        "operator_name": null,
        "developer_name": "AMARENCO",
        "commune": "EYRAGUES",
        "code_dept": "13",
        "departement_name": "Bouches-du-Rhône",
        "region_name": "Provence-Alpes-Côte d'Azur",
        "puissance_mwc": 1.2,
        "surface_ha": null,
        "type_prod_1": "Cultures_spécialisées",
        "type_prod_1_details": "Fruits",
        "type_prod_2": null,
        "type_prod_3": null,
        "structure_pv": "Serres",
        "source_primary": "ademe_agrivolt",
        "seen_in_sources": [
          "ademe_agrivolt"
        ],
        "verification_status": "verified",
        "first_seen_at": "2026-04-20T13:46:16.916584+00:00",
        "last_updated_at": "2026-04-20T18:02:51.278191+00:00"
      }
    },
    {
      "type": "Feature",
      "geometry": {
        "type": "Point",
        "coordinates": [
          5.180285,
          43.731472
        ]
      },
      "properties": {
        "slug": "mallemort-la-pugere-2019-qp-7up",
        "name": "La Pugère",
        "type_installation": "démonstrateur expérimental",
        "status": "raccorde",
        "year_commissioned": 2019,
        "operator_name": null,
        "developer_name": "Sun'Agri",
        "commune": "MALLEMORT",
        "code_dept": "13",
        "departement_name": "Bouches-du-Rhône",
        "region_name": "Provence-Alpes-Côte d'Azur",
        "puissance_mwc": 0.049,
        "surface_ha": null,
        "type_prod_1": "Cultures_spécialisées",
        "type_prod_1_details": "Fruits",
        "type_prod_2": null,
        "type_prod_3": null,
        "structure_pv": "Panneaux mobiles / trackers",
        "source_primary": "ademe_agrivolt",
        "seen_in_sources": [
          "ademe_agrivolt"
        ],
        "verification_status": "verified",
        "first_seen_at": "2026-04-20T13:46:16.916584+00:00",
        "last_updated_at": "2026-04-20T18:02:51.278191+00:00"
      }
    },
    {
      "type": "Feature",
      "geometry": {
        "type": "Point",
        "coordinates": [
          4.901209,
          43.876189
        ]
      },
      "properties": {
        "slug": "noves-noves-2024-fmynkt",
        "name": "Noves",
        "type_installation": "démonstrateur expérimental",
        "status": "raccorde",
        "year_commissioned": 2024,
        "operator_name": "Agriteos",
        "developer_name": "Agriteos ( Total Energies renouvelables)",
        "commune": "NOVES",
        "code_dept": "13",
        "departement_name": "Bouches-du-Rhône",
        "region_name": "Provence-Alpes-Côte d'Azur",
        "puissance_mwc": 0.099,
        "surface_ha": null,
        "type_prod_1": "Cultures_spécialisées",
        "type_prod_1_details": "Fruits",
        "type_prod_2": null,
        "type_prod_3": null,
        "structure_pv": "Panneaux mobiles / trackers",
        "source_primary": "ademe_agrivolt",
        "seen_in_sources": [
          "ademe_agrivolt"
        ],
        "verification_status": "verified",
        "first_seen_at": "2026-04-20T13:46:16.916584+00:00",
        "last_updated_at": "2026-04-20T18:02:51.278191+00:00"
      }
    },
    {
      "type": "Feature",
      "geometry": {
        "type": "Point",
        "coordinates": [
          4.731185,
          43.780981
        ]
      },
      "properties": {
        "slug": "saint-etienne-du-gres-champ-agrivoltaique-du-cabanon-2021-k977sf",
        "name": "Champ Agrivoltaïque du Cabanon",
        "type_installation": "installation pré-APER",
        "status": "raccorde",
        "year_commissioned": 2021,
        "operator_name": null,
        "developer_name": "Voltalia",
        "commune": "SAINT-ETIENNE-DU-GRES",
        "code_dept": "13",
        "departement_name": "Bouches-du-Rhône",
        "region_name": "Provence-Alpes-Côte d'Azur",
        "puissance_mwc": 3.0,
        "surface_ha": null,
        "type_prod_1": "Cultures_spécialisées",
        "type_prod_1_details": "Légumes",
        "type_prod_2": null,
        "type_prod_3": null,
        "structure_pv": "Panneaux mobiles / trackers",
        "source_primary": "ademe_agrivolt",
        "seen_in_sources": [
          "ademe_agrivolt"
        ],
        "verification_status": "verified",
        "first_seen_at": "2026-04-20T13:46:16.916584+00:00",
        "last_updated_at": "2026-04-20T18:02:51.278191+00:00"
      }
    },
    {
      "type": "Feature",
      "geometry": {
        "type": "Point",
        "coordinates": [
          4.811156,
          43.638484
        ]
      },
      "properties": {
        "slug": "saint-martin-de-crau-saint-martin-de-crau-2024-ojukhx",
        "name": "Saint-Martin-de-Crau",
        "type_installation": "démonstrateur expérimental",
        "status": "raccorde",
        "year_commissioned": 2024,
        "operator_name": "Agriteos",
        "developer_name": "Agriteos ( Total Energies renouvelables)",
        "commune": "SAINT-MARTIN-DE-CRAU",
        "code_dept": "13",
        "departement_name": "Bouches-du-Rhône",
        "region_name": "Provence-Alpes-Côte d'Azur",
        "puissance_mwc": 0.099,
        "surface_ha": null,
        "type_prod_1": "Cultures_spécialisées",
        "type_prod_1_details": "Fruits",
        "type_prod_2": null,
        "type_prod_3": null,
        "structure_pv": "Panneaux mobiles / trackers",
        "source_primary": "ademe_agrivolt",
        "seen_in_sources": [
          "ademe_agrivolt"
        ],
        "verification_status": "verified",
        "first_seen_at": "2026-04-20T13:46:16.916584+00:00",
        "last_updated_at": "2026-04-20T18:02:51.278191+00:00"
      }
    },
    {
      "type": "Feature",
      "geometry": {
        "type": "Point",
        "coordinates": [
          -0.839533,
          48.936778
        ]
      },
      "properties": {
        "slug": "souleuvre-en-bocage-sans-nom-2023-bxt7pg",
        "name": null,
        "type_installation": "installation pré-APER",
        "status": "raccorde",
        "year_commissioned": 2023,
        "operator_name": null,
        "developer_name": "TSE",
        "commune": "SOULEUVRE EN BOCAGE",
        "code_dept": "14",
        "departement_name": "Calvados",
        "region_name": "Normandie",
        "puissance_mwc": 2.9,
        "surface_ha": null,
        "type_prod_1": "Elevage",
        "type_prod_1_details": "Bovins",
        "type_prod_2": null,
        "type_prod_3": null,
        "structure_pv": "Panneaux mobiles / trackers",
        "source_primary": "ademe_agrivolt",
        "seen_in_sources": [
          "ademe_agrivolt"
        ],
        "verification_status": "verified",
        "first_seen_at": "2026-04-20T13:46:16.916584+00:00",
        "last_updated_at": "2026-04-20T18:02:51.278191+00:00"
      }
    },
    {
      "type": "Feature",
      "geometry": {
        "type": "Point",
        "coordinates": [
          3.242691,
          45.17713
        ]
      },
      "properties": {
        "slug": "la-chapelle-laurent-sheep-farm-cyss3u",
        "name": "Sheep farm",
        "type_installation": "installation pré-APER",
        "status": "raccorde",
        "year_commissioned": null,
        "operator_name": null,
        "developer_name": "OBTON",
        "commune": "LA CHAPELLE LAURENT",
        "code_dept": "15",
        "departement_name": "Cantal",
        "region_name": "Auvergne-Rhône-Alpes",
        "puissance_mwc": 4.0,
        "surface_ha": null,
        "type_prod_1": "Elevage",
        "type_prod_1_details": "Ovins",
        "type_prod_2": null,
        "type_prod_3": null,
        "structure_pv": "Panneaux fixes",
        "source_primary": "ademe_agrivolt",
        "seen_in_sources": [
          "ademe_agrivolt"
        ],
        "verification_status": "verified",
        "first_seen_at": "2026-04-20T13:46:16.916584+00:00",
        "last_updated_at": "2026-04-20T18:02:51.278191+00:00"
      }
    },
    {
      "type": "Feature",
      "geometry": {
        "type": "Point",
        "coordinates": [
          2.483096,
          45.004138
        ]
      },
      "properties": {
        "slug": "marmanhac-marmanhac-2014-yg0vmr",
        "name": "Marmanhac",
        "type_installation": "installation pré-APER",
        "status": "raccorde",
        "year_commissioned": 2014,
        "operator_name": "Photosol Groupe - Photom",
        "developer_name": "Photosol Développement",
        "commune": "MARMANHAC",
        "code_dept": "15",
        "departement_name": "Cantal",
        "region_name": "Auvergne-Rhône-Alpes",
        "puissance_mwc": 12.0,
        "surface_ha": null,
        "type_prod_1": "Elevage",
        "type_prod_1_details": "Ovins",
        "type_prod_2": null,
        "type_prod_3": null,
        "structure_pv": "Panneaux fixes",
        "source_primary": "ademe_agrivolt",
        "seen_in_sources": [
          "ademe_agrivolt"
        ],
        "verification_status": "verified",
        "first_seen_at": "2026-04-20T13:46:16.916584+00:00",
        "last_updated_at": "2026-04-20T18:02:51.278191+00:00"
      }
    },
    {
      "type": "Feature",
      "geometry": {
        "type": "Point",
        "coordinates": [
          0.120046,
          45.302706
        ]
      },
      "properties": {
        "slug": "bellon-routes-2027-jb88cu",
        "name": "Routes",
        "type_installation": "installation pré-APER",
        "status": "autorise",
        "year_commissioned": 2027,
        "operator_name": null,
        "developer_name": "Q ENERGY",
        "commune": "BELLON",
        "code_dept": "16",
        "departement_name": "Charente",
        "region_name": "Nouvelle-Aquitaine",
        "puissance_mwc": 2.0,
        "surface_ha": null,
        "type_prod_1": "Elevage",
        "type_prod_1_details": "Autres",
        "type_prod_2": null,
        "type_prod_3": null,
        "structure_pv": "Panneaux fixes",
        "source_primary": "ademe_agrivolt",
        "seen_in_sources": [
          "ademe_agrivolt"
        ],
        "verification_status": "verified",
        "first_seen_at": "2026-04-20T13:46:16.916584+00:00",
        "last_updated_at": "2026-04-20T18:02:51.278191+00:00"
      }
    },
    {
      "type": "Feature",
      "geometry": {
        "type": "Point",
        "coordinates": [
          0.38731,
          45.739303
        ]
      },
      "properties": {
        "slug": "la-rochefoucauld-la-rochefoucauld-2024-3vmsre",
        "name": "La Rochefoucauld",
        "type_installation": "installation pré-APER",
        "status": "raccorde",
        "year_commissioned": 2024,
        "operator_name": "Photosol Groupe - Photom",
        "developer_name": "Photosol Développement",
        "commune": "LA ROCHEFOUCAULD",
        "code_dept": "16",
        "departement_name": "Charente",
        "region_name": "Nouvelle-Aquitaine",
        "puissance_mwc": 5.0,
        "surface_ha": null,
        "type_prod_1": "Elevage",
        "type_prod_1_details": "Ovins",
        "type_prod_2": null,
        "type_prod_3": null,
        "structure_pv": "Panneaux fixes",
        "source_primary": "ademe_agrivolt",
        "seen_in_sources": [
          "ademe_agrivolt"
        ],
        "verification_status": "verified",
        "first_seen_at": "2026-04-20T13:46:16.916584+00:00",
        "last_updated_at": "2026-04-20T18:02:51.278191+00:00"
      }
    },
    {
      "type": "Feature",
      "geometry": {
        "type": "Point",
        "coordinates": [
          0.484166,
          45.552035
        ]
      },
      "properties": {
        "slug": "mainzac-mainzac-2024-gjrllh",
        "name": "Mainzac",
        "type_installation": "installation pré-APER",
        "status": "raccorde",
        "year_commissioned": 2024,
        "operator_name": "Photosol Groupe - Photom",
        "developer_name": "Photosol Développement",
        "commune": "MAINZAC",
        "code_dept": "16",
        "departement_name": "Charente",
        "region_name": "Nouvelle-Aquitaine",
        "puissance_mwc": 19.5,
        "surface_ha": null,
        "type_prod_1": "Elevage",
        "type_prod_1_details": "Ovins",
        "type_prod_2": null,
        "type_prod_3": null,
        "structure_pv": "Panneaux fixes",
        "source_primary": "ademe_agrivolt",
        "seen_in_sources": [
          "ademe_agrivolt"
        ],
        "verification_status": "verified",
        "first_seen_at": "2026-04-20T13:46:16.916584+00:00",
        "last_updated_at": "2026-04-20T18:02:51.278191+00:00"
      }
    },
    {
      "type": "Feature",
      "geometry": {
        "type": "Point",
        "coordinates": [
          0.42944,
          45.735589
        ]
      },
      "properties": {
        "slug": "marillac-marillac-le-franc-1-ouest-2024-5cswv8",
        "name": "Marillac Le Franc 1 (Ouest)",
        "type_installation": "installation pré-APER",
        "status": "raccorde",
        "year_commissioned": 2024,
        "operator_name": "Photosol Groupe - Photom",
        "developer_name": "Photosol Développement",
        "commune": "MARILLAC",
        "code_dept": "16",
        "departement_name": "Charente",
        "region_name": "Nouvelle-Aquitaine",
        "puissance_mwc": 4.0,
        "surface_ha": null,
        "type_prod_1": "Elevage",
        "type_prod_1_details": "Ovins",
        "type_prod_2": null,
        "type_prod_3": null,
        "structure_pv": "Panneaux fixes",
        "source_primary": "ademe_agrivolt",
        "seen_in_sources": [
          "ademe_agrivolt"
        ],
        "verification_status": "verified",
        "first_seen_at": "2026-04-20T13:46:16.916584+00:00",
        "last_updated_at": "2026-04-20T18:02:51.278191+00:00"
      }
    },
    {
      "type": "Feature",
      "geometry": {
        "type": "Point",
        "coordinates": [
          0.42944,
          45.735589
        ]
      },
      "properties": {
        "slug": "marillac-marillac-le-franc-2-est-2024-frnsaz",
        "name": "Marillac Le Franc 2 (Est)",
        "type_installation": "installation pré-APER",
        "status": "raccorde",
        "year_commissioned": 2024,
        "operator_name": "Photosol Groupe - Photom",
        "developer_name": "Photosol Développement",
        "commune": "MARILLAC",
        "code_dept": "16",
        "departement_name": "Charente",
        "region_name": "Nouvelle-Aquitaine",
        "puissance_mwc": 9.2,
        "surface_ha": null,
        "type_prod_1": "Elevage",
        "type_prod_1_details": "Ovins",
        "type_prod_2": null,
        "type_prod_3": null,
        "structure_pv": "Panneaux fixes",
        "source_primary": "ademe_agrivolt",
        "seen_in_sources": [
          "ademe_agrivolt"
        ],
        "verification_status": "verified",
        "first_seen_at": "2026-04-20T13:46:16.916584+00:00",
        "last_updated_at": "2026-04-20T18:02:51.278191+00:00"
      }
    },
    {
      "type": "Feature",
      "geometry": {
        "type": "Point",
        "coordinates": [
          0.350074,
          45.670505
        ]
      },
      "properties": {
        "slug": "pranzac-pranzac-xbt0ec",
        "name": "Pranzac",
        "type_installation": "installation pré-APER",
        "status": "construction",
        "year_commissioned": null,
        "operator_name": "Photosol Groupe - Photom",
        "developer_name": "Photosol Développement",
        "commune": "PRANZAC",
        "code_dept": "16",
        "departement_name": "Charente",
        "region_name": "Nouvelle-Aquitaine",
        "puissance_mwc": 5.0,
        "surface_ha": null,
        "type_prod_1": "Elevage",
        "type_prod_1_details": "Autres",
        "type_prod_2": null,
        "type_prod_3": null,
        "structure_pv": "Panneaux fixes",
        "source_primary": "ademe_agrivolt",
        "seen_in_sources": [
          "ademe_agrivolt"
        ],
        "verification_status": "verified",
        "first_seen_at": "2026-04-20T13:46:16.916584+00:00",
        "last_updated_at": "2026-04-20T18:02:51.278191+00:00"
      }
    },
    {
      "type": "Feature",
      "geometry": {
        "type": "Point",
        "coordinates": [
          0.05642,
          45.372191
        ]
      },
      "properties": {
        "slug": "saint-martial-saint-martial-2016-wvdxfj",
        "name": "Saint Martial",
        "type_installation": "installation pré-APER",
        "status": "raccorde",
        "year_commissioned": 2016,
        "operator_name": "Photosol Groupe - Photom",
        "developer_name": "Photosol Développement",
        "commune": "SAINT MARTIAL",
        "code_dept": "16",
        "departement_name": "Charente",
        "region_name": "Nouvelle-Aquitaine",
        "puissance_mwc": 8.0,
        "surface_ha": null,
        "type_prod_1": "Elevage",
        "type_prod_1_details": "Ovins",
        "type_prod_2": null,
        "type_prod_3": null,
        "structure_pv": "Panneaux fixes",
        "source_primary": "ademe_agrivolt",
        "seen_in_sources": [
          "ademe_agrivolt"
        ],
        "verification_status": "verified",
        "first_seen_at": "2026-04-20T13:46:16.916584+00:00",
        "last_updated_at": "2026-04-20T18:02:51.278191+00:00"
      }
    },
    {
      "type": "Feature",
      "geometry": {
        "type": "Point",
        "coordinates": [
          0.448969,
          45.750164
        ]
      },
      "properties": {
        "slug": "yvrac-yvrac-2020-l-w-w-",
        "name": "Yvrac",
        "type_installation": "installation pré-APER",
        "status": "raccorde",
        "year_commissioned": 2020,
        "operator_name": "Photosol Groupe - Photom",
        "developer_name": "Photosol Développement",
        "commune": "YVRAC",
        "code_dept": "16",
        "departement_name": "Charente",
        "region_name": "Nouvelle-Aquitaine",
        "puissance_mwc": 4.0,
        "surface_ha": null,
        "type_prod_1": "Elevage",
        "type_prod_1_details": "Ovins",
        "type_prod_2": null,
        "type_prod_3": null,
        "structure_pv": "Panneaux fixes",
        "source_primary": "ademe_agrivolt",
        "seen_in_sources": [
          "ademe_agrivolt"
        ],
        "verification_status": "verified",
        "first_seen_at": "2026-04-20T13:46:16.916584+00:00",
        "last_updated_at": "2026-04-20T18:02:51.278191+00:00"
      }
    },
    {
      "type": "Feature",
      "geometry": {
        "type": "Point",
        "coordinates": [
          -0.600691,
          46.124712
        ]
      },
      "properties": {
        "slug": "marsais-sans-nom-2024-0mwa1u",
        "name": null,
        "type_installation": "démonstrateur expérimental",
        "status": "raccorde",
        "year_commissioned": 2024,
        "operator_name": "VALECO",
        "developer_name": "VALECO",
        "commune": "MARSAIS",
        "code_dept": "17",
        "departement_name": "Charente-Maritime",
        "region_name": "Nouvelle-Aquitaine",
        "puissance_mwc": 0.235,
        "surface_ha": null,
        "type_prod_1": "Elevage",
        "type_prod_1_details": "Volailles",
        "type_prod_2": null,
        "type_prod_3": null,
        "structure_pv": "Panneaux fixes",
        "source_primary": "ademe_agrivolt",
        "seen_in_sources": [
          "ademe_agrivolt"
        ],
        "verification_status": "verified",
        "first_seen_at": "2026-04-20T13:46:16.916584+00:00",
        "last_updated_at": "2026-04-20T18:02:51.278191+00:00"
      }
    },
    {
      "type": "Feature",
      "geometry": {
        "type": "Point",
        "coordinates": [
          -0.92929,
          46.224859
        ]
      },
      "properties": {
        "slug": "nuaille-d-aunis-sans-nom-poqwpy",
        "name": null,
        "type_installation": "installation pré-APER",
        "status": "raccorde",
        "year_commissioned": null,
        "operator_name": null,
        "developer_name": "Technique solaire",
        "commune": "NUAILLE-D AUNIS",
        "code_dept": "17",
        "departement_name": "Charente-Maritime",
        "region_name": "Nouvelle-Aquitaine",
        "puissance_mwc": 3.08,
        "surface_ha": null,
        "type_prod_1": "Cultures_spécialisées",
        "type_prod_1_details": "Légumes",
        "type_prod_2": null,
        "type_prod_3": null,
        "structure_pv": "Serres",
        "source_primary": "ademe_agrivolt",
        "seen_in_sources": [
          "ademe_agrivolt"
        ],
        "verification_status": "verified",
        "first_seen_at": "2026-04-20T13:46:16.916584+00:00",
        "last_updated_at": "2026-04-20T18:02:51.278191+00:00"
      }
    },
    {
      "type": "Feature",
      "geometry": {
        "type": "Point",
        "coordinates": [
          -0.726978,
          45.678143
        ]
      },
      "properties": {
        "slug": "retaud-sans-nom-2013-cnfog-",
        "name": null,
        "type_installation": "installation pré-APER",
        "status": "raccorde",
        "year_commissioned": 2013,
        "operator_name": null,
        "developer_name": "REDEN SOLAR",
        "commune": "RETAUD",
        "code_dept": "17",
        "departement_name": "Charente-Maritime",
        "region_name": "Nouvelle-Aquitaine",
        "puissance_mwc": 2.18,
        "surface_ha": null,
        "type_prod_1": "Cultures_spécialisées",
        "type_prod_1_details": "Fruits",
        "type_prod_2": "Cultures_spécialisées",
        "type_prod_3": null,
        "structure_pv": "Serres",
        "source_primary": "ademe_agrivolt",
        "seen_in_sources": [
          "ademe_agrivolt"
        ],
        "verification_status": "verified",
        "first_seen_at": "2026-04-20T13:46:16.916584+00:00",
        "last_updated_at": "2026-04-20T18:02:51.278191+00:00"
      }
    },
    {
      "type": "Feature",
      "geometry": {
        "type": "Point",
        "coordinates": [
          -1.068684,
          46.149802
        ]
      },
      "properties": {
        "slug": "saint-rogatien-sans-nom-ebfum8",
        "name": null,
        "type_installation": "installation pré-APER",
        "status": "raccorde",
        "year_commissioned": null,
        "operator_name": null,
        "developer_name": "Technique solaire",
        "commune": "SAINT ROGATIEN",
        "code_dept": "17",
        "departement_name": "Charente-Maritime",
        "region_name": "Nouvelle-Aquitaine",
        "puissance_mwc": 3.25,
        "surface_ha": null,
        "type_prod_1": "Cultures_spécialisées",
        "type_prod_1_details": "Légumes",
        "type_prod_2": null,
        "type_prod_3": null,
        "structure_pv": "Serres",
        "source_primary": "ademe_agrivolt",
        "seen_in_sources": [
          "ademe_agrivolt"
        ],
        "verification_status": "verified",
        "first_seen_at": "2026-04-20T13:46:16.916584+00:00",
        "last_updated_at": "2026-04-20T18:02:51.278191+00:00"
      }
    },
    {
      "type": "Feature",
      "geometry": {
        "type": "Point",
        "coordinates": [
          1.987521,
          47.245823
        ]
      },
      "properties": {
        "slug": "mery-sur-cher-mery-sur-cher-2027-cay29u",
        "name": "Mery-Sur-Cher",
        "type_installation": "installation pré-APER",
        "status": "autorise",
        "year_commissioned": 2027,
        "operator_name": null,
        "developer_name": "URBASOLAR",
        "commune": "MERY SUR CHER",
        "code_dept": "18",
        "departement_name": "Cher",
        "region_name": "Centre-Val de Loire",
        "puissance_mwc": 7.0,
        "surface_ha": null,
        "type_prod_1": "Elevage",
        "type_prod_1_details": "Ovins",
        "type_prod_2": null,
        "type_prod_3": null,
        "structure_pv": "Panneaux fixes",
        "source_primary": "ademe_agrivolt",
        "seen_in_sources": [
          "ademe_agrivolt"
        ],
        "verification_status": "verified",
        "first_seen_at": "2026-04-20T13:46:16.916584+00:00",
        "last_updated_at": "2026-04-20T18:02:51.278191+00:00"
      }
    },
    {
      "type": "Feature",
      "geometry": {
        "type": "Point",
        "coordinates": [
          2.772674,
          47.49818
        ]
      },
      "properties": {
        "slug": "santranges-sans-nom-z9ny1i",
        "name": null,
        "type_installation": "installation pré-APER",
        "status": "raccorde",
        "year_commissioned": null,
        "operator_name": null,
        "developer_name": "EnerVivo",
        "commune": "SANTRANGES",
        "code_dept": "18",
        "departement_name": "Cher",
        "region_name": "Centre-Val de Loire",
        "puissance_mwc": 0.5,
        "surface_ha": null,
        "type_prod_1": "Cultures_spécialisées",
        "type_prod_1_details": null,
        "type_prod_2": null,
        "type_prod_3": null,
        "structure_pv": "Serres",
        "source_primary": "ademe_agrivolt",
        "seen_in_sources": [
          "ademe_agrivolt"
        ],
        "verification_status": "verified",
        "first_seen_at": "2026-04-20T13:46:16.916584+00:00",
        "last_updated_at": "2026-04-20T18:02:51.278191+00:00"
      }
    },
    {
      "type": "Feature",
      "geometry": {
        "type": "Point",
        "coordinates": [
          4.332442,
          47.88249
        ]
      },
      "properties": {
        "slug": "channay-parc-solaire-de-channay-2022-knzb1-",
        "name": "Parc solaire de Channay",
        "type_installation": "démonstrateur expérimental",
        "status": "raccorde",
        "year_commissioned": 2022,
        "operator_name": "OMBREA",
        "developer_name": "OMBREA",
        "commune": "CHANNAY",
        "code_dept": "21",
        "departement_name": "Côte-d'Or",
        "region_name": "Bourgogne-Franche-Comté",
        "puissance_mwc": 0.237,
        "surface_ha": null,
        "type_prod_1": "Grandes_cultures",
        "type_prod_1_details": "Céréales",
        "type_prod_2": null,
        "type_prod_3": null,
        "structure_pv": "Modules verticaux bifaciaux",
        "source_primary": "ademe_agrivolt",
        "seen_in_sources": [
          "ademe_agrivolt"
        ],
        "verification_status": "verified",
        "first_seen_at": "2026-04-20T13:46:16.916584+00:00",
        "last_updated_at": "2026-04-20T18:02:51.278191+00:00"
      }
    },
    {
      "type": "Feature",
      "geometry": {
        "type": "Point",
        "coordinates": [
          4.525429,
          47.681869
        ]
      },
      "properties": {
        "slug": "fontaine-en-duesmois-emorots-2028-gtsy1u",
        "name": "Emorots",
        "type_installation": "installation pré-APER",
        "status": "autorise",
        "year_commissioned": 2028,
        "operator_name": null,
        "developer_name": "Q ENERGY",
        "commune": "FONTAINE EN DUESMOIS",
        "code_dept": "21",
        "departement_name": "Côte-d'Or",
        "region_name": "Bourgogne-Franche-Comté",
        "puissance_mwc": 30.0,
        "surface_ha": null,
        "type_prod_1": "Grandes_cultures",
        "type_prod_1_details": "Céréales",
        "type_prod_2": "Grandes_cultures",
        "type_prod_3": "Grandes_cultures",
        "structure_pv": "Panneaux mobiles / trackers",
        "source_primary": "ademe_agrivolt",
        "seen_in_sources": [
          "ademe_agrivolt"
        ],
        "verification_status": "verified",
        "first_seen_at": "2026-04-20T13:46:16.916584+00:00",
        "last_updated_at": "2026-04-20T18:02:51.278191+00:00"
      }
    },
    {
      "type": "Feature",
      "geometry": {
        "type": "Point",
        "coordinates": [
          4.709901,
          47.308961
        ]
      },
      "properties": {
        "slug": "sombernon-sombernon-wi3g-b",
        "name": "Sombernon",
        "type_installation": "installation pré-APER",
        "status": "construction",
        "year_commissioned": null,
        "operator_name": null,
        "developer_name": "AKUO",
        "commune": "SOMBERNON",
        "code_dept": "21",
        "departement_name": "Côte-d'Or",
        "region_name": "Bourgogne-Franche-Comté",
        "puissance_mwc": 34.0,
        "surface_ha": null,
        "type_prod_1": "Grandes_cultures",
        "type_prod_1_details": "Céréales",
        "type_prod_2": null,
        "type_prod_3": null,
        "structure_pv": "Panneaux mobiles / trackers",
        "source_primary": "ademe_agrivolt",
        "seen_in_sources": [
          "ademe_agrivolt"
        ],
        "verification_status": "verified",
        "first_seen_at": "2026-04-20T13:46:16.916584+00:00",
        "last_updated_at": "2026-04-20T18:02:51.278191+00:00"
      }
    },
    {
      "type": "Feature",
      "geometry": {
        "type": "Point",
        "coordinates": [
          4.42629,
          47.651914
        ]
      },
      "properties": {
        "slug": "touillon-la-combe-solaire-2029-udq8oj",
        "name": "La Combe Solaire",
        "type_installation": "installation pré-APER",
        "status": "autorise",
        "year_commissioned": 2029,
        "operator_name": "BELENERGIA",
        "developer_name": "BELENERGIA",
        "commune": "TOUILLON",
        "code_dept": "21",
        "departement_name": "Côte-d'Or",
        "region_name": "Bourgogne-Franche-Comté",
        "puissance_mwc": 39.0,
        "surface_ha": null,
        "type_prod_1": "Grandes_cultures",
        "type_prod_1_details": null,
        "type_prod_2": null,
        "type_prod_3": null,
        "structure_pv": "Panneaux mobiles / trackers",
        "source_primary": "ademe_agrivolt",
        "seen_in_sources": [
          "ademe_agrivolt",
          "mrae"
        ],
        "verification_status": "verified",
        "first_seen_at": "2026-04-20T13:46:16.916584+00:00",
        "last_updated_at": "2026-04-20T18:02:51.278191+00:00"
      }
    },
    {
      "type": "Feature",
      "geometry": {
        "type": "Point",
        "coordinates": [
          4.330444,
          47.73674
        ]
      },
      "properties": {
        "slug": "verdonnet-sans-nom-2024-jn512b",
        "name": null,
        "type_installation": "démonstrateur expérimental",
        "status": "raccorde",
        "year_commissioned": 2024,
        "operator_name": null,
        "developer_name": "TSE",
        "commune": "VERDONNET",
        "code_dept": "21",
        "departement_name": "Côte-d'Or",
        "region_name": "Bourgogne-Franche-Comté",
        "puissance_mwc": 2.9,
        "surface_ha": null,
        "type_prod_1": "Grandes_cultures",
        "type_prod_1_details": "Céréales",
        "type_prod_2": null,
        "type_prod_3": null,
        "structure_pv": "Panneaux mobiles / trackers",
        "source_primary": "ademe_agrivolt",
        "seen_in_sources": [
          "ademe_agrivolt"
        ],
        "verification_status": "verified",
        "first_seen_at": "2026-04-20T13:46:16.916584+00:00",
        "last_updated_at": "2026-04-20T18:02:51.278191+00:00"
      }
    },
    {
      "type": "Feature",
      "geometry": {
        "type": "Point",
        "coordinates": [
          1.680424,
          45.953598
        ]
      },
      "properties": {
        "slug": "montboucher-ferme-de-fontloup-tixier-0-oc4u",
        "name": "Ferme de Fontloup Tixier",
        "type_installation": "installation pré-APER",
        "status": "construction",
        "year_commissioned": null,
        "operator_name": null,
        "developer_name": "Technique solaire",
        "commune": "MONTBOUCHER",
        "code_dept": "23",
        "departement_name": "Creuse",
        "region_name": "Nouvelle-Aquitaine",
        "puissance_mwc": null,
        "surface_ha": null,
        "type_prod_1": "Cultures_spécialisées",
        "type_prod_1_details": "Fruits",
        "type_prod_2": null,
        "type_prod_3": null,
        "structure_pv": "Panneaux fixes",
        "source_primary": "ademe_agrivolt",
        "seen_in_sources": [
          "ademe_agrivolt"
        ],
        "verification_status": "verified",
        "first_seen_at": "2026-04-20T13:46:16.916584+00:00",
        "last_updated_at": "2026-04-20T18:02:51.278191+00:00"
      }
    },
    {
      "type": "Feature",
      "geometry": {
        "type": "Point",
        "coordinates": [
          0.487531,
          44.853457
        ]
      },
      "properties": {
        "slug": "bergerac-serre-horticole-photovoltaique-de-desmartis-2022-kmmite",
        "name": "Serre horticole photovoltaïque de Desmartis",
        "type_installation": "installation pré-APER",
        "status": "raccorde",
        "year_commissioned": 2022,
        "operator_name": null,
        "developer_name": "REDEN SOLAR",
        "commune": "BERGERAC",
        "code_dept": "24",
        "departement_name": "Dordogne",
        "region_name": "Nouvelle-Aquitaine",
        "puissance_mwc": null,
        "surface_ha": null,
        "type_prod_1": "Cultures_spécialisées",
        "type_prod_1_details": "Horticulture",
        "type_prod_2": "Cultures_spécialisées",
        "type_prod_3": null,
        "structure_pv": "Serres",
        "source_primary": "ademe_agrivolt",
        "seen_in_sources": [
          "ademe_agrivolt"
        ],
        "verification_status": "verified",
        "first_seen_at": "2026-04-20T13:46:16.916584+00:00",
        "last_updated_at": "2026-04-20T18:02:51.278191+00:00"
      }
    },
    {
      "type": "Feature",
      "geometry": {
        "type": "Point",
        "coordinates": [
          0.553489,
          44.779758
        ]
      },
      "properties": {
        "slug": "conne-de-labarde-sans-nom-t08okt",
        "name": null,
        "type_installation": "installation pré-APER",
        "status": "raccorde",
        "year_commissioned": null,
        "operator_name": null,
        "developer_name": "EnerVivo",
        "commune": "CONNE-DE-LABARDE",
        "code_dept": "24",
        "departement_name": "Dordogne",
        "region_name": "Nouvelle-Aquitaine",
        "puissance_mwc": 0.5,
        "surface_ha": null,
        "type_prod_1": "Cultures_spécialisées",
        "type_prod_1_details": null,
        "type_prod_2": null,
        "type_prod_3": null,
        "structure_pv": "Serres",
        "source_primary": "ademe_agrivolt",
        "seen_in_sources": [
          "ademe_agrivolt"
        ],
        "verification_status": "verified",
        "first_seen_at": "2026-04-20T13:46:16.916584+00:00",
        "last_updated_at": "2026-04-20T18:02:51.278191+00:00"
      }
    },
    {
      "type": "Feature",
      "geometry": {
        "type": "Point",
        "coordinates": [
          0.384722,
          44.843333
        ]
      },
      "properties": {
        "slug": "lamonzie-saint-martin-sans-nom-5hiujl",
        "name": null,
        "type_installation": "installation pré-APER",
        "status": "raccorde",
        "year_commissioned": null,
        "operator_name": null,
        "developer_name": "Technique solaire",
        "commune": "LAMONZIE-SAINT-MARTIN",
        "code_dept": "24",
        "departement_name": "Dordogne",
        "region_name": "Nouvelle-Aquitaine",
        "puissance_mwc": 3.5,
        "surface_ha": null,
        "type_prod_1": "Cultures_spécialisées",
        "type_prod_1_details": "Légumes",
        "type_prod_2": null,
        "type_prod_3": null,
        "structure_pv": "Serres",
        "source_primary": "ademe_agrivolt",
        "seen_in_sources": [
          "ademe_agrivolt"
        ],
        "verification_status": "verified",
        "first_seen_at": "2026-04-20T13:46:16.916584+00:00",
        "last_updated_at": "2026-04-20T18:02:51.278191+00:00"
      }
    },
    {
      "type": "Feature",
      "geometry": {
        "type": "Point",
        "coordinates": [
          0.446098,
          45.365655
        ]
      },
      "properties": {
        "slug": "la-tour-blanche-parc-agrivoltaique-de-la-tour-blanche-2021-g65rfz",
        "name": "Parc agrivoltaïque de La Tour Blanche",
        "type_installation": "installation pré-APER",
        "status": "raccorde",
        "year_commissioned": 2021,
        "operator_name": null,
        "developer_name": "Valorem",
        "commune": "LA TOUR BLANCHE",
        "code_dept": "24",
        "departement_name": "Dordogne",
        "region_name": "Nouvelle-Aquitaine",
        "puissance_mwc": 5.0,
        "surface_ha": null,
        "type_prod_1": "Elevage",
        "type_prod_1_details": "Ovins",
        "type_prod_2": null,
        "type_prod_3": null,
        "structure_pv": "Panneaux mobiles / trackers",
        "source_primary": "ademe_agrivolt",
        "seen_in_sources": [
          "ademe_agrivolt"
        ],
        "verification_status": "verified",
        "first_seen_at": "2026-04-20T13:46:16.916584+00:00",
        "last_updated_at": "2026-04-20T18:02:51.278191+00:00"
      }
    },
    {
      "type": "Feature",
      "geometry": {
        "type": "Point",
        "coordinates": [
          0.469149,
          45.100637
        ]
      },
      "properties": {
        "slug": "neuvic-sans-nom-2019-coazq-",
        "name": null,
        "type_installation": "installation pré-APER",
        "status": "raccorde",
        "year_commissioned": 2019,
        "operator_name": null,
        "developer_name": "REDEN SOLAR",
        "commune": "NEUVIC",
        "code_dept": "24",
        "departement_name": "Dordogne",
        "region_name": "Nouvelle-Aquitaine",
        "puissance_mwc": 4.895,
        "surface_ha": null,
        "type_prod_1": "Cultures_spécialisées",
        "type_prod_1_details": "Pisciculture",
        "type_prod_2": null,
        "type_prod_3": null,
        "structure_pv": "Autres",
        "source_primary": "ademe_agrivolt",
        "seen_in_sources": [
          "ademe_agrivolt"
        ],
        "verification_status": "verified",
        "first_seen_at": "2026-04-20T13:46:16.916584+00:00",
        "last_updated_at": "2026-04-20T18:02:51.278191+00:00"
      }
    },
    {
      "type": "Feature",
      "geometry": {
        "type": "Point",
        "coordinates": [
          0.410841,
          44.758692
        ]
      },
      "properties": {
        "slug": "sigoules-sigoules-2026-tk-wtt",
        "name": "Sigoulès",
        "type_installation": "installation pré-APER",
        "status": "autorise",
        "year_commissioned": 2026,
        "operator_name": "Photosol Groupe - Photom",
        "developer_name": "Photosol Développement",
        "commune": "SIGOULES",
        "code_dept": "24",
        "departement_name": "Dordogne",
        "region_name": "Nouvelle-Aquitaine",
        "puissance_mwc": 15.0,
        "surface_ha": null,
        "type_prod_1": "Elevage",
        "type_prod_1_details": "Ovins",
        "type_prod_2": null,
        "type_prod_3": null,
        "structure_pv": "Panneaux fixes",
        "source_primary": "ademe_agrivolt",
        "seen_in_sources": [
          "ademe_agrivolt"
        ],
        "verification_status": "verified",
        "first_seen_at": "2026-04-20T13:46:16.916584+00:00",
        "last_updated_at": "2026-04-20T18:02:51.278191+00:00"
      }
    },
    {
      "type": "Feature",
      "geometry": {
        "type": "Point",
        "coordinates": [
          4.89344,
          44.836366
        ]
      },
      "properties": {
        "slug": "etoile-sur-rhone-etoile-sur-rhone-1-2021-hzwwkp",
        "name": "Etoile-sur-Rhône 1",
        "type_installation": "démonstrateur expérimental",
        "status": "raccorde",
        "year_commissioned": 2021,
        "operator_name": null,
        "developer_name": "Sun'Agri",
        "commune": "ETOILE-SUR-RHONE",
        "code_dept": "26",
        "departement_name": "Drôme",
        "region_name": "Auvergne-Rhône-Alpes",
        "puissance_mwc": null,
        "surface_ha": null,
        "type_prod_1": "Cultures_spécialisées",
        "type_prod_1_details": "Fruits",
        "type_prod_2": null,
        "type_prod_3": null,
        "structure_pv": "Panneaux mobiles / trackers",
        "source_primary": "ademe_agrivolt",
        "seen_in_sources": [
          "ademe_agrivolt"
        ],
        "verification_status": "verified",
        "first_seen_at": "2026-04-20T13:46:16.916584+00:00",
        "last_updated_at": "2026-04-20T18:02:51.278191+00:00"
      }
    },
    {
      "type": "Feature",
      "geometry": {
        "type": "Point",
        "coordinates": [
          4.89344,
          44.836366
        ]
      },
      "properties": {
        "slug": "etoile-sur-rhone-etoile-sur-rhone-2-2021-gkcc-f",
        "name": "Etoile-sur-Rhône 2",
        "type_installation": "démonstrateur expérimental",
        "status": "raccorde",
        "year_commissioned": 2021,
        "operator_name": null,
        "developer_name": "Sun'Agri",
        "commune": "ETOILE-SUR-RHONE",
        "code_dept": "26",
        "departement_name": "Drôme",
        "region_name": "Auvergne-Rhône-Alpes",
        "puissance_mwc": 1.9,
        "surface_ha": null,
        "type_prod_1": "Cultures_spécialisées",
        "type_prod_1_details": "Fruits",
        "type_prod_2": null,
        "type_prod_3": null,
        "structure_pv": "Panneaux mobiles / trackers",
        "source_primary": "ademe_agrivolt",
        "seen_in_sources": [
          "ademe_agrivolt"
        ],
        "verification_status": "verified",
        "first_seen_at": "2026-04-20T13:46:16.916584+00:00",
        "last_updated_at": "2026-04-20T18:02:51.278191+00:00"
      }
    },
    {
      "type": "Feature",
      "geometry": {
        "type": "Point",
        "coordinates": [
          4.845507,
          44.77265
        ]
      },
      "properties": {
        "slug": "livron-sur-drome-livron-sur-drome-2026-khomxs",
        "name": "Livron-sur-Drôme",
        "type_installation": "installation pré-APER",
        "status": "construction",
        "year_commissioned": 2026,
        "operator_name": null,
        "developer_name": "Sun'Agri",
        "commune": "LIVRON-SUR-DROME",
        "code_dept": "26",
        "departement_name": "Drôme",
        "region_name": "Auvergne-Rhône-Alpes",
        "puissance_mwc": 3.28,
        "surface_ha": null,
        "type_prod_1": "Cultures_spécialisées",
        "type_prod_1_details": "Fruits",
        "type_prod_2": null,
        "type_prod_3": null,
        "structure_pv": "Panneaux mobiles / trackers",
        "source_primary": "ademe_agrivolt",
        "seen_in_sources": [
          "ademe_agrivolt"
        ],
        "verification_status": "verified",
        "first_seen_at": "2026-04-20T13:46:16.916584+00:00",
        "last_updated_at": "2026-04-20T18:02:51.278191+00:00"
      }
    },
    {
      "type": "Feature",
      "geometry": {
        "type": "Point",
        "coordinates": [
          4.822279,
          44.751841
        ]
      },
      "properties": {
        "slug": "loriol-sur-drome-les-vergers-de-fouillas-2025-jpipyn",
        "name": "Les Vergers de Fouillas",
        "type_installation": "installation pré-APER",
        "status": "raccorde",
        "year_commissioned": 2025,
        "operator_name": null,
        "developer_name": "VOLTA",
        "commune": "LORIOL-SUR-DROME",
        "code_dept": "26",
        "departement_name": "Drôme",
        "region_name": "Auvergne-Rhône-Alpes",
        "puissance_mwc": 5.0,
        "surface_ha": null,
        "type_prod_1": "Cultures_spécialisées",
        "type_prod_1_details": "Fruits",
        "type_prod_2": null,
        "type_prod_3": null,
        "structure_pv": "Serres",
        "source_primary": "ademe_agrivolt",
        "seen_in_sources": [
          "ademe_agrivolt"
        ],
        "verification_status": "verified",
        "first_seen_at": "2026-04-20T13:46:16.916584+00:00",
        "last_updated_at": "2026-04-20T18:02:51.278191+00:00"
      }
    },
    {
      "type": "Feature",
      "geometry": {
        "type": "Point",
        "coordinates": [
          4.822279,
          44.751841
        ]
      },
      "properties": {
        "slug": "loriol-sur-drome-loriol-sur-drome-1-2022-rad7cu",
        "name": "Loriol-sur-Drôme 1",
        "type_installation": "démonstrateur expérimental",
        "status": "raccorde",
        "year_commissioned": 2022,
        "operator_name": null,
        "developer_name": "Sun'Agri",
        "commune": "LORIOL-SUR-DROME",
        "code_dept": "26",
        "departement_name": "Drôme",
        "region_name": "Auvergne-Rhône-Alpes",
        "puissance_mwc": 0.12,
        "surface_ha": null,
        "type_prod_1": "Cultures_spécialisées",
        "type_prod_1_details": "Fruits",
        "type_prod_2": null,
        "type_prod_3": null,
        "structure_pv": "Panneaux mobiles / trackers",
        "source_primary": "ademe_agrivolt",
        "seen_in_sources": [
          "ademe_agrivolt"
        ],
        "verification_status": "verified",
        "first_seen_at": "2026-04-20T13:46:16.916584+00:00",
        "last_updated_at": "2026-04-20T18:02:51.278191+00:00"
      }
    },
    {
      "type": "Feature",
      "geometry": {
        "type": "Point",
        "coordinates": [
          4.822279,
          44.751841
        ]
      },
      "properties": {
        "slug": "loriol-sur-drome-loriol-sur-drome-2-2023-uy4dx8",
        "name": "Loriol-sur-Drôme 2",
        "type_installation": "installation pré-APER",
        "status": "raccorde",
        "year_commissioned": 2023,
        "operator_name": null,
        "developer_name": "Sun'Agri",
        "commune": "LORIOL-SUR-DROME",
        "code_dept": "26",
        "departement_name": "Drôme",
        "region_name": "Auvergne-Rhône-Alpes",
        "puissance_mwc": 2.19,
        "surface_ha": null,
        "type_prod_1": "Cultures_spécialisées",
        "type_prod_1_details": "Fruits",
        "type_prod_2": null,
        "type_prod_3": null,
        "structure_pv": "Panneaux mobiles / trackers",
        "source_primary": "ademe_agrivolt",
        "seen_in_sources": [
          "ademe_agrivolt"
        ],
        "verification_status": "verified",
        "first_seen_at": "2026-04-20T13:46:16.916584+00:00",
        "last_updated_at": "2026-04-20T18:02:51.278191+00:00"
      }
    },
    {
      "type": "Feature",
      "geometry": {
        "type": "Point",
        "coordinates": [
          4.801944,
          44.430063
        ]
      },
      "properties": {
        "slug": "roussas-chapus-2028-zxvz19",
        "name": "Chapus",
        "type_installation": "installation pré-APER",
        "status": "autorise",
        "year_commissioned": 2028,
        "operator_name": null,
        "developer_name": "Q ENERGY",
        "commune": "ROUSSAS",
        "code_dept": "26",
        "departement_name": "Drôme",
        "region_name": "Auvergne-Rhône-Alpes",
        "puissance_mwc": 4.44,
        "surface_ha": null,
        "type_prod_1": "Elevage",
        "type_prod_1_details": "Ovins",
        "type_prod_2": null,
        "type_prod_3": null,
        "structure_pv": "Panneaux fixes",
        "source_primary": "ademe_agrivolt",
        "seen_in_sources": [
          "ademe_agrivolt"
        ],
        "verification_status": "verified",
        "first_seen_at": "2026-04-20T13:46:16.916584+00:00",
        "last_updated_at": "2026-04-20T18:02:51.278191+00:00"
      }
    },
    {
      "type": "Feature",
      "geometry": {
        "type": "Point",
        "coordinates": [
          4.789683,
          44.3318
        ]
      },
      "properties": {
        "slug": "saint-restitut-st-restitut-2024-ab7xet",
        "name": "St Restitut",
        "type_installation": "installation pré-APER",
        "status": "raccorde",
        "year_commissioned": 2024,
        "operator_name": null,
        "developer_name": "Sun'Agri",
        "commune": "SAINT-RESTITUT",
        "code_dept": "26",
        "departement_name": "Drôme",
        "region_name": "Auvergne-Rhône-Alpes",
        "puissance_mwc": 1.79,
        "surface_ha": null,
        "type_prod_1": "Cultures_spécialisées",
        "type_prod_1_details": "Viticulture",
        "type_prod_2": null,
        "type_prod_3": null,
        "structure_pv": "Panneaux mobiles / trackers",
        "source_primary": "ademe_agrivolt",
        "seen_in_sources": [
          "ademe_agrivolt"
        ],
        "verification_status": "verified",
        "first_seen_at": "2026-04-20T13:46:16.916584+00:00",
        "last_updated_at": "2026-04-20T18:02:51.278191+00:00"
      }
    },
    {
      "type": "Feature",
      "geometry": {
        "type": "Point",
        "coordinates": [
          1.469891,
          48.039732
        ]
      },
      "properties": {
        "slug": "villemaury-belmaury-2031-lxsewg",
        "name": "BelMaury",
        "type_installation": "installation pré-APER",
        "status": "autorise",
        "year_commissioned": 2031,
        "operator_name": "BELENERGIA",
        "developer_name": "BELENERGIA",
        "commune": "VILLEMAURY",
        "code_dept": "28",
        "departement_name": "Eure-et-Loir",
        "region_name": "Centre-Val de Loire",
        "puissance_mwc": 101.0,
        "surface_ha": null,
        "type_prod_1": "Grandes_cultures",
        "type_prod_1_details": null,
        "type_prod_2": null,
        "type_prod_3": null,
        "structure_pv": "Panneaux mobiles / trackers",
        "source_primary": "ademe_agrivolt",
        "seen_in_sources": [
          "ademe_agrivolt"
        ],
        "verification_status": "verified",
        "first_seen_at": "2026-04-20T13:46:16.916584+00:00",
        "last_updated_at": "2026-04-20T18:02:51.278191+00:00"
      }
    },
    {
      "type": "Feature",
      "geometry": {
        "type": "Point",
        "coordinates": [
          -3.875305,
          48.504773
        ]
      },
      "properties": {
        "slug": "pleyber-christ-pleyber-christ-2027-c4mnxp",
        "name": "PLEYBER CHRIST",
        "type_installation": "installation pré-APER",
        "status": "autorise",
        "year_commissioned": 2027,
        "operator_name": "GLHD",
        "developer_name": "GLHD",
        "commune": "PLEYBER CHRIST",
        "code_dept": "29",
        "departement_name": "Finistère",
        "region_name": "Bretagne",
        "puissance_mwc": 13.0,
        "surface_ha": null,
        "type_prod_1": "Elevage",
        "type_prod_1_details": "Ovins",
        "type_prod_2": null,
        "type_prod_3": null,
        "structure_pv": "Panneaux mobiles / trackers",
        "source_primary": "ademe_agrivolt",
        "seen_in_sources": [
          "ademe_agrivolt"
        ],
        "verification_status": "verified",
        "first_seen_at": "2026-04-20T13:46:16.916584+00:00",
        "last_updated_at": "2026-04-20T18:02:51.278191+00:00"
      }
    },
    {
      "type": "Feature",
      "geometry": {
        "type": "Point",
        "coordinates": [
          -3.986864,
          48.68496
        ]
      },
      "properties": {
        "slug": "saint-pol-de-leon-station-d-experimentation-du-cate-2024-oqdfa7",
        "name": "Station d'expérimentation du Caté",
        "type_installation": "démonstrateur expérimental",
        "status": "raccorde",
        "year_commissioned": 2024,
        "operator_name": null,
        "developer_name": "VOLTIRIS",
        "commune": "SAINT-POL-DE-LEON",
        "code_dept": "29",
        "departement_name": "Finistère",
        "region_name": "Bretagne",
        "puissance_mwc": null,
        "surface_ha": null,
        "type_prod_1": "Cultures_spécialisées",
        "type_prod_1_details": "Légumes",
        "type_prod_2": null,
        "type_prod_3": null,
        "structure_pv": "Serres",
        "source_primary": "ademe_agrivolt",
        "seen_in_sources": [
          "ademe_agrivolt"
        ],
        "verification_status": "verified",
        "first_seen_at": "2026-04-20T13:46:16.916584+00:00",
        "last_updated_at": "2026-04-20T18:02:51.278191+00:00"
      }
    },
    {
      "type": "Feature",
      "geometry": {
        "type": "Point",
        "coordinates": [
          4.639265,
          43.808544
        ]
      },
      "properties": {
        "slug": "beaucaire-adeli-2023-ynhb-i",
        "name": "ADELI",
        "type_installation": "démonstrateur expérimental",
        "status": "raccorde",
        "year_commissioned": 2023,
        "operator_name": "EDF Renouvelables",
        "developer_name": "EDF Renouvelables",
        "commune": "BEAUCAIRE",
        "code_dept": "30",
        "departement_name": "Gard",
        "region_name": "Occitanie",
        "puissance_mwc": 0.037,
        "surface_ha": null,
        "type_prod_1": "Grandes_cultures",
        "type_prod_1_details": "Céréales",
        "type_prod_2": "Grandes_cultures",
        "type_prod_3": null,
        "structure_pv": "Autres",
        "source_primary": "ademe_agrivolt",
        "seen_in_sources": [
          "ademe_agrivolt"
        ],
        "verification_status": "verified",
        "first_seen_at": "2026-04-20T13:46:16.916584+00:00",
        "last_updated_at": "2026-04-20T18:02:51.278191+00:00"
      }
    },
    {
      "type": "Feature",
      "geometry": {
        "type": "Point",
        "coordinates": [
          4.639265,
          43.808544
        ]
      },
      "properties": {
        "slug": "beaucaire-la-roubine-royale-2026-kl2pfl",
        "name": "La Roubine Royale",
        "type_installation": "installation pré-APER",
        "status": "autorise",
        "year_commissioned": 2026,
        "operator_name": null,
        "developer_name": "URBASOLAR",
        "commune": "BEAUCAIRE",
        "code_dept": "30",
        "departement_name": "Gard",
        "region_name": "Occitanie",
        "puissance_mwc": 3.0,
        "surface_ha": null,
        "type_prod_1": "Cultures_spécialisées",
        "type_prod_1_details": "Fruits",
        "type_prod_2": null,
        "type_prod_3": null,
        "structure_pv": "Panneaux mobiles / trackers",
        "source_primary": "ademe_agrivolt",
        "seen_in_sources": [
          "ademe_agrivolt"
        ],
        "verification_status": "verified",
        "first_seen_at": "2026-04-20T13:46:16.916584+00:00",
        "last_updated_at": "2026-04-20T18:02:51.278191+00:00"
      }
    },
    {
      "type": "Feature",
      "geometry": {
        "type": "Point",
        "coordinates": [
          4.515871,
          43.757793
        ]
      },
      "properties": {
        "slug": "bellegarde-bellegarde-p6i9ba",
        "name": "Bellegarde",
        "type_installation": "installation pré-APER",
        "status": "raccorde",
        "year_commissioned": null,
        "operator_name": null,
        "developer_name": "AKUO",
        "commune": "BELLEGARDE",
        "code_dept": "30",
        "departement_name": "Gard",
        "region_name": "Occitanie",
        "puissance_mwc": 6.0,
        "surface_ha": null,
        "type_prod_1": "Cultures_spécialisées",
        "type_prod_1_details": "Fruits",
        "type_prod_2": "Cultures_spécialisées",
        "type_prod_3": null,
        "structure_pv": "Panneaux fixes",
        "source_primary": "ademe_agrivolt",
        "seen_in_sources": [
          "ademe_agrivolt"
        ],
        "verification_status": "verified",
        "first_seen_at": "2026-04-20T13:46:16.916584+00:00",
        "last_updated_at": "2026-04-20T18:02:51.278191+00:00"
      }
    },
    {
      "type": "Feature",
      "geometry": {
        "type": "Point",
        "coordinates": [
          4.378305,
          43.796146
        ]
      },
      "properties": {
        "slug": "caissargues-sans-nom-2012-q3rmlo",
        "name": null,
        "type_installation": "installation pré-APER",
        "status": "raccorde",
        "year_commissioned": 2012,
        "operator_name": null,
        "developer_name": "Solairedirect",
        "commune": "CAISSARGUES",
        "code_dept": "30",
        "departement_name": "Gard",
        "region_name": "Occitanie",
        "puissance_mwc": 1.2,
        "surface_ha": null,
        "type_prod_1": "Cultures_spécialisées",
        "type_prod_1_details": "Légumes",
        "type_prod_2": null,
        "type_prod_3": null,
        "structure_pv": "Serres",
        "source_primary": "ademe_agrivolt",
        "seen_in_sources": [
          "ademe_agrivolt"
        ],
        "verification_status": "verified",
        "first_seen_at": "2026-04-20T13:46:16.916584+00:00",
        "last_updated_at": "2026-04-20T18:02:51.278191+00:00"
      }
    },
    {
      "type": "Feature",
      "geometry": {
        "type": "Point",
        "coordinates": [
          4.434929,
          43.825759
        ]
      },
      "properties": {
        "slug": "rodilhan-rodilhan-2024-ipqvl4",
        "name": "Rodilhan",
        "type_installation": "installation pré-APER",
        "status": "raccorde",
        "year_commissioned": 2024,
        "operator_name": null,
        "developer_name": "Sun'Agri",
        "commune": "RODILHAN",
        "code_dept": "30",
        "departement_name": "Gard",
        "region_name": "Occitanie",
        "puissance_mwc": 0.068,
        "surface_ha": null,
        "type_prod_1": "Cultures_spécialisées",
        "type_prod_1_details": "Viticulture",
        "type_prod_2": null,
        "type_prod_3": null,
        "structure_pv": "Panneaux mobiles / trackers",
        "source_primary": "ademe_agrivolt",
        "seen_in_sources": [
          "ademe_agrivolt"
        ],
        "verification_status": "verified",
        "first_seen_at": "2026-04-20T13:46:16.916584+00:00",
        "last_updated_at": "2026-04-20T18:02:51.278191+00:00"
      }
    },
    {
      "type": "Feature",
      "geometry": {
        "type": "Point",
        "coordinates": [
          4.136296,
          44.052863
        ]
      },
      "properties": {
        "slug": "vezenobres-vezenobres-2026-wouk6v",
        "name": "Vezenobres",
        "type_installation": "démonstrateur expérimental",
        "status": "autorise",
        "year_commissioned": 2026,
        "operator_name": null,
        "developer_name": "URBASOLAR",
        "commune": "VEZENOBRES",
        "code_dept": "30",
        "departement_name": "Gard",
        "region_name": "Occitanie",
        "puissance_mwc": 1.0,
        "surface_ha": null,
        "type_prod_1": "Elevage",
        "type_prod_1_details": "Ovins",
        "type_prod_2": null,
        "type_prod_3": null,
        "structure_pv": "Panneaux fixes",
        "source_primary": "ademe_agrivolt",
        "seen_in_sources": [
          "ademe_agrivolt"
        ],
        "verification_status": "verified",
        "first_seen_at": "2026-04-20T13:46:16.916584+00:00",
        "last_updated_at": "2026-04-20T18:02:51.278191+00:00"
      }
    },
    {
      "type": "Feature",
      "geometry": {
        "type": "Point",
        "coordinates": [
          1.633367,
          43.287009
        ]
      },
      "properties": {
        "slug": "calmont-experimentation-agrivoltaique-sacr1e",
        "name": "Expérimentation agrivoltaïque",
        "type_installation": "démonstrateur expérimental",
        "status": "raccorde",
        "year_commissioned": null,
        "operator_name": null,
        "developer_name": "Tenergie",
        "commune": "CALMONT",
        "code_dept": "31",
        "departement_name": "Haute-Garonne",
        "region_name": "Occitanie",
        "puissance_mwc": null,
        "surface_ha": null,
        "type_prod_1": "Grandes_cultures",
        "type_prod_1_details": null,
        "type_prod_2": "Elevage",
        "type_prod_3": null,
        "structure_pv": "Panneaux fixes",
        "source_primary": "ademe_agrivolt",
        "seen_in_sources": [
          "ademe_agrivolt"
        ],
        "verification_status": "verified",
        "first_seen_at": "2026-04-20T13:46:16.916584+00:00",
        "last_updated_at": "2026-04-20T18:02:51.278191+00:00"
      }
    },
    {
      "type": "Feature",
      "geometry": {
        "type": "Point",
        "coordinates": [
          1.428154,
          43.692923
        ]
      },
      "properties": {
        "slug": "castelginest-greenyellow-2025-bwj8oq",
        "name": "GreenYellow",
        "type_installation": "installation pré-APER",
        "status": "construction",
        "year_commissioned": 2025,
        "operator_name": "GREENYELLOW",
        "developer_name": "GREENYELLOW",
        "commune": "CASTELGINEST",
        "code_dept": "31",
        "departement_name": "Haute-Garonne",
        "region_name": "Occitanie",
        "puissance_mwc": 1.96,
        "surface_ha": null,
        "type_prod_1": "Grandes_cultures",
        "type_prod_1_details": "Céréales",
        "type_prod_2": "Grandes_cultures",
        "type_prod_3": "Grandes_cultures",
        "structure_pv": "Panneaux mobiles / trackers",
        "source_primary": "ademe_agrivolt",
        "seen_in_sources": [
          "ademe_agrivolt"
        ],
        "verification_status": "verified",
        "first_seen_at": "2026-04-20T13:46:16.916584+00:00",
        "last_updated_at": "2026-04-20T18:02:51.278191+00:00"
      }
    },
    {
      "type": "Feature",
      "geometry": {
        "type": "Point",
        "coordinates": [
          1.163196,
          43.299367
        ]
      },
      "properties": {
        "slug": "lafitte-vigordane-milhat-2025-ltg-yc",
        "name": "Milhat",
        "type_installation": "installation pré-APER",
        "status": "raccorde",
        "year_commissioned": 2025,
        "operator_name": null,
        "developer_name": "Q ENERGY",
        "commune": "LAFITTE VIGORDANE",
        "code_dept": "31",
        "departement_name": "Haute-Garonne",
        "region_name": "Occitanie",
        "puissance_mwc": 13.0,
        "surface_ha": null,
        "type_prod_1": "Elevage",
        "type_prod_1_details": "Ovins",
        "type_prod_2": null,
        "type_prod_3": null,
        "structure_pv": "Panneaux fixes",
        "source_primary": "ademe_agrivolt",
        "seen_in_sources": [
          "ademe_agrivolt"
        ],
        "verification_status": "verified",
        "first_seen_at": "2026-04-20T13:46:16.916584+00:00",
        "last_updated_at": "2026-04-20T18:02:51.278191+00:00"
      }
    },
    {
      "type": "Feature",
      "geometry": {
        "type": "Point",
        "coordinates": [
          1.222377,
          43.429785
        ]
      },
      "properties": {
        "slug": "lherm-la-centrale-electrique-du-lherm-2020-2tinyc",
        "name": "La centrale électrique du Lherm",
        "type_installation": "installation pré-APER",
        "status": "raccorde",
        "year_commissioned": 2020,
        "operator_name": null,
        "developer_name": "AKUO",
        "commune": "LHERM",
        "code_dept": "31",
        "departement_name": "Haute-Garonne",
        "region_name": "Occitanie",
        "puissance_mwc": 10.5,
        "surface_ha": null,
        "type_prod_1": "Elevage",
        "type_prod_1_details": "Autres",
        "type_prod_2": "Cultures_spécialisées",
        "type_prod_3": null,
        "structure_pv": "Panneaux fixes",
        "source_primary": "ademe_agrivolt",
        "seen_in_sources": [
          "ademe_agrivolt"
        ],
        "verification_status": "verified",
        "first_seen_at": "2026-04-20T13:46:16.916584+00:00",
        "last_updated_at": "2026-04-20T18:02:51.278191+00:00"
      }
    },
    {
      "type": "Feature",
      "geometry": {
        "type": "Point",
        "coordinates": [
          0.374593,
          43.956456
        ]
      },
      "properties": {
        "slug": "condom-francesca-2027-oiipg9",
        "name": "Francesca",
        "type_installation": "installation pré-APER",
        "status": "autorise",
        "year_commissioned": 2027,
        "operator_name": null,
        "developer_name": "URBASOLAR",
        "commune": "CONDOM",
        "code_dept": "32",
        "departement_name": "Gers",
        "region_name": "Occitanie",
        "puissance_mwc": 2.0,
        "surface_ha": null,
        "type_prod_1": "Elevage",
        "type_prod_1_details": "Volailles",
        "type_prod_2": null,
        "type_prod_3": null,
        "structure_pv": "Panneaux fixes",
        "source_primary": "ademe_agrivolt",
        "seen_in_sources": [
          "ademe_agrivolt"
        ],
        "verification_status": "verified",
        "first_seen_at": "2026-04-20T13:46:16.916584+00:00",
        "last_updated_at": "2026-04-20T18:02:51.278191+00:00"
      }
    },
    {
      "type": "Feature",
      "geometry": {
        "type": "Point",
        "coordinates": [
          -0.438666,
          44.725497
        ]
      },
      "properties": {
        "slug": "baurech-sans-nom-irovb0",
        "name": null,
        "type_installation": "installation pré-APER",
        "status": "raccorde",
        "year_commissioned": null,
        "operator_name": null,
        "developer_name": "EnerVivo",
        "commune": "BAURECH",
        "code_dept": "33",
        "departement_name": "Gironde",
        "region_name": "Nouvelle-Aquitaine",
        "puissance_mwc": 0.25,
        "surface_ha": null,
        "type_prod_1": "Cultures_spécialisées",
        "type_prod_1_details": null,
        "type_prod_2": null,
        "type_prod_3": null,
        "structure_pv": "Serres",
        "source_primary": "ademe_agrivolt",
        "seen_in_sources": [
          "ademe_agrivolt"
        ],
        "verification_status": "verified",
        "first_seen_at": "2026-04-20T13:46:16.916584+00:00",
        "last_updated_at": "2026-04-20T18:02:51.278191+00:00"
      }
    },
    {
      "type": "Feature",
      "geometry": {
        "type": "Point",
        "coordinates": [
          -0.036628,
          45.09987
        ]
      },
      "properties": {
        "slug": "eglisottes-eglisottes-2017-x8hss7",
        "name": "Eglisottes",
        "type_installation": "installation pré-APER",
        "status": "raccorde",
        "year_commissioned": 2017,
        "operator_name": "Photosol Groupe - Photom",
        "developer_name": "Photosol Développement",
        "commune": "EGLISOTTES",
        "code_dept": "33",
        "departement_name": "Gironde",
        "region_name": "Nouvelle-Aquitaine",
        "puissance_mwc": 8.0,
        "surface_ha": null,
        "type_prod_1": "Elevage",
        "type_prod_1_details": "Ovins",
        "type_prod_2": null,
        "type_prod_3": null,
        "structure_pv": "Panneaux fixes",
        "source_primary": "ademe_agrivolt",
        "seen_in_sources": [
          "ademe_agrivolt"
        ],
        "verification_status": "verified",
        "first_seen_at": "2026-04-20T13:46:16.916584+00:00",
        "last_updated_at": "2026-04-20T18:02:51.278191+00:00"
      }
    },
    {
      "type": "Feature",
      "geometry": {
        "type": "Point",
        "coordinates": [
          -0.865779,
          45.289817
        ]
      },
      "properties": {
        "slug": "st-germain-d-esteuil-roland-2025-0bdmiz",
        "name": "Roland",
        "type_installation": "installation pré-APER",
        "status": "construction",
        "year_commissioned": 2025,
        "operator_name": "ARKOLIA",
        "developer_name": "ARKOLIA",
        "commune": "ST GERMAIN D ESTEUIL",
        "code_dept": "33",
        "departement_name": "Gironde",
        "region_name": "Nouvelle-Aquitaine",
        "puissance_mwc": 0.5,
        "surface_ha": null,
        "type_prod_1": "Cultures_spécialisées",
        "type_prod_1_details": "Légumes",
        "type_prod_2": null,
        "type_prod_3": null,
        "structure_pv": "Serres",
        "source_primary": "ademe_agrivolt",
        "seen_in_sources": [
          "ademe_agrivolt"
        ],
        "verification_status": "verified",
        "first_seen_at": "2026-04-20T13:46:16.916584+00:00",
        "last_updated_at": "2026-04-20T18:02:51.278191+00:00"
      }
    },
    {
      "type": "Feature",
      "geometry": {
        "type": "Point",
        "coordinates": [
          -0.580036,
          44.841225
        ]
      },
      "properties": {
        "slug": "villenave-d-ornon-vitisolar-2023-gq5isl",
        "name": "Vitisolar",
        "type_installation": "démonstrateur expérimental",
        "status": "raccorde",
        "year_commissioned": 2023,
        "operator_name": "EDF Renouvelables",
        "developer_name": "EDF Renouvelables",
        "commune": "VILLENAVE D'ORNON",
        "code_dept": "33",
        "departement_name": "Gironde",
        "region_name": "Nouvelle-Aquitaine",
        "puissance_mwc": 0.1,
        "surface_ha": null,
        "type_prod_1": "Cultures_spécialisées",
        "type_prod_1_details": "Viticulture",
        "type_prod_2": null,
        "type_prod_3": null,
        "structure_pv": "Panneaux mobiles / trackers",
        "source_primary": "ademe_agrivolt",
        "seen_in_sources": [
          "ademe_agrivolt"
        ],
        "verification_status": "verified",
        "first_seen_at": "2026-04-20T13:46:16.916584+00:00",
        "last_updated_at": "2026-04-20T18:02:51.278191+00:00"
      }
    },
    {
      "type": "Feature",
      "geometry": {
        "type": "Point",
        "coordinates": [
          3.213131,
          43.342656
        ]
      },
      "properties": {
        "slug": "beziers-sans-nom-iugzwc",
        "name": null,
        "type_installation": "installation pré-APER",
        "status": "raccorde",
        "year_commissioned": null,
        "operator_name": null,
        "developer_name": "AMARENCO",
        "commune": "BEZIERS",
        "code_dept": "34",
        "departement_name": "Hérault",
        "region_name": "Occitanie",
        "puissance_mwc": 11.7,
        "surface_ha": null,
        "type_prod_1": "Cultures_spécialisées",
        "type_prod_1_details": "Fruits",
        "type_prod_2": "Cultures_spécialisées",
        "type_prod_3": null,
        "structure_pv": "Serres",
        "source_primary": "ademe_agrivolt",
        "seen_in_sources": [
          "ademe_agrivolt"
        ],
        "verification_status": "verified",
        "first_seen_at": "2026-04-20T13:46:16.916584+00:00",
        "last_updated_at": "2026-04-20T18:02:51.278191+00:00"
      }
    },
    {
      "type": "Feature",
      "geometry": {
        "type": "Point",
        "coordinates": [
          3.876734,
          43.611242
        ]
      },
      "properties": {
        "slug": "la-valette-la-valette-2010-3puq9k",
        "name": "La Valette",
        "type_installation": "démonstrateur expérimental",
        "status": "raccorde",
        "year_commissioned": 2010,
        "operator_name": null,
        "developer_name": "Sun'Agri",
        "commune": "LA VALETTE",
        "code_dept": "34",
        "departement_name": "Hérault",
        "region_name": "Occitanie",
        "puissance_mwc": null,
        "surface_ha": null,
        "type_prod_1": "Grandes_cultures",
        "type_prod_1_details": "Céréales",
        "type_prod_2": null,
        "type_prod_3": null,
        "structure_pv": "Panneaux mobiles / trackers",
        "source_primary": "ademe_agrivolt",
        "seen_in_sources": [
          "ademe_agrivolt"
        ],
        "verification_status": "verified",
        "first_seen_at": "2026-04-20T13:46:16.916584+00:00",
        "last_updated_at": "2026-04-20T18:02:51.278191+00:00"
      }
    },
    {
      "type": "Feature",
      "geometry": {
        "type": "Point",
        "coordinates": [
          4.179215,
          43.665005
        ]
      },
      "properties": {
        "slug": "marsillargues-evapore-2024-cwps0i",
        "name": "Evapore",
        "type_installation": "démonstrateur expérimental",
        "status": "raccorde",
        "year_commissioned": 2024,
        "operator_name": "EDF Renouvelables",
        "developer_name": "EDF Renouvelables",
        "commune": "MARSILLARGUES",
        "code_dept": "34",
        "departement_name": "Hérault",
        "region_name": "Occitanie",
        "puissance_mwc": 0.08,
        "surface_ha": null,
        "type_prod_1": "Cultures_spécialisées",
        "type_prod_1_details": "Fruits",
        "type_prod_2": null,
        "type_prod_3": null,
        "structure_pv": "Panneaux mobiles / trackers",
        "source_primary": "ademe_agrivolt",
        "seen_in_sources": [
          "ademe_agrivolt"
        ],
        "verification_status": "verified",
        "first_seen_at": "2026-04-20T13:46:16.916584+00:00",
        "last_updated_at": "2026-04-20T18:02:51.278191+00:00"
      }
    },
    {
      "type": "Feature",
      "geometry": {
        "type": "Point",
        "coordinates": [
          1.986267,
          46.879131
        ]
      },
      "properties": {
        "slug": "conde-photocible-2028-eaakwx",
        "name": "PHOTOCIBLE",
        "type_installation": "installation pré-APER",
        "status": "autorise",
        "year_commissioned": 2028,
        "operator_name": "GLHD",
        "developer_name": "GLHD",
        "commune": "CONDE",
        "code_dept": "36",
        "departement_name": "Indre",
        "region_name": "Centre-Val de Loire",
        "puissance_mwc": 80.0,
        "surface_ha": null,
        "type_prod_1": "Grandes_cultures",
        "type_prod_1_details": "Autres",
        "type_prod_2": "Cultures_spécialisées",
        "type_prod_3": "Cultures_spécialisées",
        "structure_pv": "Panneaux fixes",
        "source_primary": "ademe_agrivolt",
        "seen_in_sources": [
          "ademe_agrivolt"
        ],
        "verification_status": "verified",
        "first_seen_at": "2026-04-20T13:46:16.916584+00:00",
        "last_updated_at": "2026-04-20T18:02:51.278191+00:00"
      }
    },
    {
      "type": "Feature",
      "geometry": {
        "type": "Point",
        "coordinates": [
          1.345998,
          47.084174
        ]
      },
      "properties": {
        "slug": "eceuille-gorry01-wgxcvd",
        "name": "GORRY01",
        "type_installation": "installation pré-APER",
        "status": "construction",
        "year_commissioned": null,
        "operator_name": null,
        "developer_name": "Technique solaire",
        "commune": "ECEUILLE",
        "code_dept": "36",
        "departement_name": "Indre",
        "region_name": "Centre-Val de Loire",
        "puissance_mwc": null,
        "surface_ha": null,
        "type_prod_1": "Cultures_spécialisées",
        "type_prod_1_details": "Légumes",
        "type_prod_2": "Cultures_spécialisées",
        "type_prod_3": null,
        "structure_pv": "Serres",
        "source_primary": "ademe_agrivolt",
        "seen_in_sources": [
          "ademe_agrivolt"
        ],
        "verification_status": "verified",
        "first_seen_at": "2026-04-20T13:46:16.916584+00:00",
        "last_updated_at": "2026-04-20T18:02:51.278191+00:00"
      }
    },
    {
      "type": "Feature",
      "geometry": {
        "type": "Point",
        "coordinates": [
          1.595823,
          46.913339
        ]
      },
      "properties": {
        "slug": "villegongis-villegongis-2026-eqmxaa",
        "name": "Villegongis",
        "type_installation": "installation pré-APER",
        "status": "construction",
        "year_commissioned": 2026,
        "operator_name": "Neoen",
        "developer_name": "Neoen",
        "commune": "VILLEGONGIS",
        "code_dept": "36",
        "departement_name": "Indre",
        "region_name": "Centre-Val de Loire",
        "puissance_mwc": 41.0,
        "surface_ha": null,
        "type_prod_1": "Elevage",
        "type_prod_1_details": "Ovins",
        "type_prod_2": null,
        "type_prod_3": null,
        "structure_pv": "Panneaux fixes",
        "source_primary": "ademe_agrivolt",
        "seen_in_sources": [
          "ademe_agrivolt"
        ],
        "verification_status": "verified",
        "first_seen_at": "2026-04-20T13:46:16.916584+00:00",
        "last_updated_at": "2026-04-20T18:02:51.278191+00:00"
      }
    },
    {
      "type": "Feature",
      "geometry": {
        "type": "Point",
        "coordinates": [
          0.918729,
          47.542167
        ]
      },
      "properties": {
        "slug": "auzouer-en-touraine-bergerie-ensoleillee-2027-ksfkwc",
        "name": "BERGERIE ENSOLEILLEE",
        "type_installation": "installation pré-APER",
        "status": "autorise",
        "year_commissioned": 2027,
        "operator_name": "GLHD",
        "developer_name": "GLHD",
        "commune": "AUZOUER EN TOURAINE",
        "code_dept": "37",
        "departement_name": "Indre-et-Loire",
        "region_name": "Centre-Val de Loire",
        "puissance_mwc": 120.0,
        "surface_ha": null,
        "type_prod_1": "Elevage",
        "type_prod_1_details": "Ovins",
        "type_prod_2": null,
        "type_prod_3": null,
        "structure_pv": "Panneaux fixes",
        "source_primary": "ademe_agrivolt",
        "seen_in_sources": [
          "ademe_agrivolt"
        ],
        "verification_status": "verified",
        "first_seen_at": "2026-04-20T13:46:16.916584+00:00",
        "last_updated_at": "2026-04-20T18:02:51.278191+00:00"
      }
    },
    {
      "type": "Feature",
      "geometry": {
        "type": "Point",
        "coordinates": [
          0.401499,
          47.146301
        ]
      },
      "properties": {
        "slug": "panzoult-panzoult-2027-ytkt38",
        "name": "Panzoult",
        "type_installation": "installation pré-APER",
        "status": "autorise",
        "year_commissioned": 2027,
        "operator_name": "Photosol Groupe - Photom",
        "developer_name": "Photosol Développement",
        "commune": "PANZOULT",
        "code_dept": "37",
        "departement_name": "Indre-et-Loire",
        "region_name": "Centre-Val de Loire",
        "puissance_mwc": 85.0,
        "surface_ha": null,
        "type_prod_1": "Elevage",
        "type_prod_1_details": "Ovins",
        "type_prod_2": null,
        "type_prod_3": null,
        "structure_pv": "Panneaux fixes",
        "source_primary": "ademe_agrivolt",
        "seen_in_sources": [
          "ademe_agrivolt"
        ],
        "verification_status": "verified",
        "first_seen_at": "2026-04-20T13:46:16.916584+00:00",
        "last_updated_at": "2026-04-20T18:02:51.278191+00:00"
      }
    },
    {
      "type": "Feature",
      "geometry": {
        "type": "Point",
        "coordinates": [
          4.770352,
          45.317869
        ]
      },
      "properties": {
        "slug": "sablons-agri-pv-comme-cloture-solaire-a-sablons-2021-ftiutp",
        "name": "Agri-PV comme clôture solaire à Sablons",
        "type_installation": "installation pré-APER",
        "status": "raccorde",
        "year_commissioned": 2021,
        "operator_name": null,
        "developer_name": "Next2Sun",
        "commune": "SABLONS",
        "code_dept": "38",
        "departement_name": "Isère",
        "region_name": "Auvergne-Rhône-Alpes",
        "puissance_mwc": 0.111,
        "surface_ha": null,
        "type_prod_1": "Elevage",
        "type_prod_1_details": null,
        "type_prod_2": null,
        "type_prod_3": null,
        "structure_pv": "Modules verticaux bifaciaux",
        "source_primary": "ademe_agrivolt",
        "seen_in_sources": [
          "ademe_agrivolt"
        ],
        "verification_status": "verified",
        "first_seen_at": "2026-04-20T13:46:16.916584+00:00",
        "last_updated_at": "2026-04-20T18:02:51.278191+00:00"
      }
    },
    {
      "type": "Feature",
      "geometry": {
        "type": "Point",
        "coordinates": [
          5.529599,
          46.626299
        ]
      },
      "properties": {
        "slug": "geruge-centrale-de-geruge-2026-21ezg0",
        "name": "Centrale de Géruge",
        "type_installation": "installation pré-APER",
        "status": "construction",
        "year_commissioned": 2026,
        "operator_name": null,
        "developer_name": "Nouvergies",
        "commune": "GERUGE",
        "code_dept": "39",
        "departement_name": "Jura",
        "region_name": "Bourgogne-Franche-Comté",
        "puissance_mwc": 1.0,
        "surface_ha": null,
        "type_prod_1": "Elevage",
        "type_prod_1_details": "Ovins",
        "type_prod_2": null,
        "type_prod_3": null,
        "structure_pv": "Panneaux fixes",
        "source_primary": "ademe_agrivolt",
        "seen_in_sources": [
          "ademe_agrivolt"
        ],
        "verification_status": "verified",
        "first_seen_at": "2026-04-20T13:46:16.916584+00:00",
        "last_updated_at": "2026-04-20T18:02:51.278191+00:00"
      }
    },
    {
      "type": "Feature",
      "geometry": {
        "type": "Point",
        "coordinates": [
          -0.264703,
          43.700646
        ]
      },
      "properties": {
        "slug": "aire-sur-l-adour-sans-nom-2018-bvoscg",
        "name": null,
        "type_installation": "installation pré-APER",
        "status": "raccorde",
        "year_commissioned": 2018,
        "operator_name": null,
        "developer_name": "REDEN SOLAR",
        "commune": "AIRE SUR L'ADOUR",
        "code_dept": "40",
        "departement_name": "Landes",
        "region_name": "Nouvelle-Aquitaine",
        "puissance_mwc": null,
        "surface_ha": null,
        "type_prod_1": "Cultures_spécialisées",
        "type_prod_1_details": "Fruits",
        "type_prod_2": null,
        "type_prod_3": null,
        "structure_pv": "Serres",
        "source_primary": "ademe_agrivolt",
        "seen_in_sources": [
          "ademe_agrivolt"
        ],
        "verification_status": "verified",
        "first_seen_at": "2026-04-20T13:46:16.916584+00:00",
        "last_updated_at": "2026-04-20T18:02:51.278191+00:00"
      }
    },
    {
      "type": "Feature",
      "geometry": {
        "type": "Point",
        "coordinates": [
          -0.208788,
          43.839021
        ]
      },
      "properties": {
        "slug": "bourdalat-sans-nom-mixhjt",
        "name": null,
        "type_installation": "installation pré-APER",
        "status": "construction",
        "year_commissioned": null,
        "operator_name": null,
        "developer_name": "Technique solaire",
        "commune": "BOURDALAT",
        "code_dept": "40",
        "departement_name": "Landes",
        "region_name": "Nouvelle-Aquitaine",
        "puissance_mwc": null,
        "surface_ha": null,
        "type_prod_1": "Cultures_spécialisées",
        "type_prod_1_details": "Viticulture",
        "type_prod_2": null,
        "type_prod_3": null,
        "structure_pv": "Panneaux fixes",
        "source_primary": "ademe_agrivolt",
        "seen_in_sources": [
          "ademe_agrivolt"
        ],
        "verification_status": "verified",
        "first_seen_at": "2026-04-20T13:46:16.916584+00:00",
        "last_updated_at": "2026-04-20T18:02:51.278191+00:00"
      }
    },
    {
      "type": "Feature",
      "geometry": {
        "type": "Point",
        "coordinates": [
          -0.556188,
          43.826313
        ]
      },
      "properties": {
        "slug": "haut-mauco-ferme-du-futur-2021-4mkiku",
        "name": "FERME DU FUTUR",
        "type_installation": "démonstrateur expérimental",
        "status": "raccorde",
        "year_commissioned": 2021,
        "operator_name": "GLHD",
        "developer_name": "GLHD",
        "commune": "HAUT MAUCO",
        "code_dept": "40",
        "departement_name": "Landes",
        "region_name": "Nouvelle-Aquitaine",
        "puissance_mwc": 0.18,
        "surface_ha": null,
        "type_prod_1": "Grandes_cultures",
        "type_prod_1_details": "Céréales",
        "type_prod_2": "Cultures_spécialisées",
        "type_prod_3": null,
        "structure_pv": "Panneaux mobiles / trackers",
        "source_primary": "ademe_agrivolt",
        "seen_in_sources": [
          "ademe_agrivolt"
        ],
        "verification_status": "verified",
        "first_seen_at": "2026-04-20T13:46:16.916584+00:00",
        "last_updated_at": "2026-04-20T18:02:51.278191+00:00"
      }
    },
    {
      "type": "Feature",
      "geometry": {
        "type": "Point",
        "coordinates": [
          -0.103221,
          44.109017
        ]
      },
      "properties": {
        "slug": "losse-demonstrateur-dem-ter-2024-eyy0fa",
        "name": "Démonstrateur DEM&TER",
        "type_installation": "démonstrateur expérimental",
        "status": "raccorde",
        "year_commissioned": 2024,
        "operator_name": null,
        "developer_name": "Valorem",
        "commune": "LOSSE",
        "code_dept": "40",
        "departement_name": "Landes",
        "region_name": "Nouvelle-Aquitaine",
        "puissance_mwc": 0.248,
        "surface_ha": null,
        "type_prod_1": "Cultures_spécialisées",
        "type_prod_1_details": "Autres",
        "type_prod_2": "Cultures_spécialisées",
        "type_prod_3": "Cultures_spécialisées",
        "structure_pv": "Panneaux mobiles / trackers",
        "source_primary": "ademe_agrivolt",
        "seen_in_sources": [
          "ademe_agrivolt"
        ],
        "verification_status": "verified",
        "first_seen_at": "2026-04-20T13:46:16.916584+00:00",
        "last_updated_at": "2026-04-20T18:02:51.278191+00:00"
      }
    },
    {
      "type": "Feature",
      "geometry": {
        "type": "Point",
        "coordinates": [
          -0.332591,
          43.862528
        ]
      },
      "properties": {
        "slug": "pujo-le-plan-terr-arbouts-2028-daqj85",
        "name": "TERR'ARBOUTS",
        "type_installation": "installation pré-APER",
        "status": "autorise",
        "year_commissioned": 2028,
        "operator_name": "GLHD",
        "developer_name": "GLHD",
        "commune": "PUJO LE PLAN",
        "code_dept": "40",
        "departement_name": "Landes",
        "region_name": "Nouvelle-Aquitaine",
        "puissance_mwc": 480.0,
        "surface_ha": null,
        "type_prod_1": "Grandes_cultures",
        "type_prod_1_details": "Autres",
        "type_prod_2": "Elevage",
        "type_prod_3": null,
        "structure_pv": "Panneaux mobiles / trackers",
        "source_primary": "ademe_agrivolt",
        "seen_in_sources": [
          "ademe_agrivolt",
          "mrae"
        ],
        "verification_status": "verified",
        "first_seen_at": "2026-04-20T13:46:16.916584+00:00",
        "last_updated_at": "2026-04-20T18:02:51.278191+00:00"
      }
    },
    {
      "type": "Feature",
      "geometry": {
        "type": "Point",
        "coordinates": [
          -0.922443,
          43.935177
        ]
      },
      "properties": {
        "slug": "rion-des-landes-sans-nom-2020-znkh72",
        "name": null,
        "type_installation": "installation pré-APER",
        "status": "raccorde",
        "year_commissioned": 2020,
        "operator_name": null,
        "developer_name": "Solveo energies",
        "commune": "RION DES LANDES",
        "code_dept": "40",
        "departement_name": "Landes",
        "region_name": "Nouvelle-Aquitaine",
        "puissance_mwc": 8.7,
        "surface_ha": null,
        "type_prod_1": "Cultures_spécialisées",
        "type_prod_1_details": "Autres",
        "type_prod_2": null,
        "type_prod_3": null,
        "structure_pv": "Panneaux fixes",
        "source_primary": "ademe_agrivolt",
        "seen_in_sources": [
          "ademe_agrivolt"
        ],
        "verification_status": "verified",
        "first_seen_at": "2026-04-20T13:46:16.916584+00:00",
        "last_updated_at": "2026-04-20T18:02:51.278191+00:00"
      }
    },
    {
      "type": "Feature",
      "geometry": {
        "type": "Point",
        "coordinates": [
          -1.056898,
          43.529837
        ]
      },
      "properties": {
        "slug": "sorde-l-abbaye-sans-nom-2020-4-xrn6",
        "name": null,
        "type_installation": "installation pré-APER",
        "status": "raccorde",
        "year_commissioned": 2020,
        "operator_name": null,
        "developer_name": "Solveo energies",
        "commune": "SORDE L'ABBAYE",
        "code_dept": "40",
        "departement_name": "Landes",
        "region_name": "Nouvelle-Aquitaine",
        "puissance_mwc": 1.5,
        "surface_ha": null,
        "type_prod_1": "Cultures_spécialisées",
        "type_prod_1_details": "Autres",
        "type_prod_2": null,
        "type_prod_3": null,
        "structure_pv": "Panneaux fixes",
        "source_primary": "ademe_agrivolt",
        "seen_in_sources": [
          "ademe_agrivolt"
        ],
        "verification_status": "verified",
        "first_seen_at": "2026-04-20T13:46:16.916584+00:00",
        "last_updated_at": "2026-04-20T18:02:51.278191+00:00"
      }
    },
    {
      "type": "Feature",
      "geometry": {
        "type": "Point",
        "coordinates": [
          -0.809593,
          43.832312
        ]
      },
      "properties": {
        "slug": "tartas-sans-nom-2018-zsvvmb",
        "name": null,
        "type_installation": "installation pré-APER",
        "status": "raccorde",
        "year_commissioned": 2018,
        "operator_name": "Fonds d'investissement GENERG",
        "developer_name": "SSD SOLAR",
        "commune": "TARTAS",
        "code_dept": "40",
        "departement_name": "Landes",
        "region_name": "Nouvelle-Aquitaine",
        "puissance_mwc": 1.6,
        "surface_ha": null,
        "type_prod_1": "Cultures_spécialisées",
        "type_prod_1_details": "Légumes",
        "type_prod_2": null,
        "type_prod_3": null,
        "structure_pv": "Serres",
        "source_primary": "ademe_agrivolt",
        "seen_in_sources": [
          "ademe_agrivolt"
        ],
        "verification_status": "verified",
        "first_seen_at": "2026-04-20T13:46:16.916584+00:00",
        "last_updated_at": "2026-04-20T18:02:51.278191+00:00"
      }
    },
    {
      "type": "Feature",
      "geometry": {
        "type": "Point",
        "coordinates": [
          1.73838,
          47.270794
        ]
      },
      "properties": {
        "slug": "la-chapelle-montmartin-sans-nom-2028-hh1ay2",
        "name": null,
        "type_installation": "installation pré-APER",
        "status": "autorise",
        "year_commissioned": 2028,
        "operator_name": null,
        "developer_name": "STATKRAFT RENOUVELABLES",
        "commune": "LA CHAPELLE MONTMARTIN",
        "code_dept": "41",
        "departement_name": "Loir-et-Cher",
        "region_name": "Centre-Val de Loire",
        "puissance_mwc": 28.0,
        "surface_ha": null,
        "type_prod_1": "Elevage",
        "type_prod_1_details": "Ovins",
        "type_prod_2": null,
        "type_prod_3": null,
        "structure_pv": "Panneaux fixes",
        "source_primary": "ademe_agrivolt",
        "seen_in_sources": [
          "ademe_agrivolt"
        ],
        "verification_status": "verified",
        "first_seen_at": "2026-04-20T13:46:16.916584+00:00",
        "last_updated_at": "2026-04-20T18:02:51.278191+00:00"
      }
    },
    {
      "type": "Feature",
      "geometry": {
        "type": "Point",
        "coordinates": [
          -1.691781,
          47.142813
        ]
      },
      "properties": {
        "slug": "bouaye-sans-nom-pwbrgi",
        "name": null,
        "type_installation": "installation pré-APER",
        "status": "raccorde",
        "year_commissioned": null,
        "operator_name": null,
        "developer_name": "Technique solaire",
        "commune": "BOUAYE",
        "code_dept": "44",
        "departement_name": "Loire-Atlantique",
        "region_name": "Pays de la Loire",
        "puissance_mwc": 5.2,
        "surface_ha": null,
        "type_prod_1": "Elevage",
        "type_prod_1_details": "Volailles",
        "type_prod_2": null,
        "type_prod_3": null,
        "structure_pv": "Volière",
        "source_primary": "ademe_agrivolt",
        "seen_in_sources": [
          "ademe_agrivolt"
        ],
        "verification_status": "verified",
        "first_seen_at": "2026-04-20T13:46:16.916584+00:00",
        "last_updated_at": "2026-04-20T18:02:51.278191+00:00"
      }
    },
    {
      "type": "Feature",
      "geometry": {
        "type": "Point",
        "coordinates": [
          -1.864667,
          47.103068
        ]
      },
      "properties": {
        "slug": "saint-hilaire-de-chaleons-sans-nom-wkbuxy",
        "name": null,
        "type_installation": "installation pré-APER",
        "status": "raccorde",
        "year_commissioned": null,
        "operator_name": null,
        "developer_name": "Technique solaire",
        "commune": "SAINT-HILAIRE-DE-CHALEONS",
        "code_dept": "44",
        "departement_name": "Loire-Atlantique",
        "region_name": "Pays de la Loire",
        "puissance_mwc": 5.1,
        "surface_ha": null,
        "type_prod_1": "Elevage",
        "type_prod_1_details": "Autres",
        "type_prod_2": null,
        "type_prod_3": null,
        "structure_pv": "Volière",
        "source_primary": "ademe_agrivolt",
        "seen_in_sources": [
          "ademe_agrivolt"
        ],
        "verification_status": "verified",
        "first_seen_at": "2026-04-20T13:46:16.916584+00:00",
        "last_updated_at": "2026-04-20T18:02:51.278191+00:00"
      }
    },
    {
      "type": "Feature",
      "geometry": {
        "type": "Point",
        "coordinates": [
          2.3962,
          47.91814
        ]
      },
      "properties": {
        "slug": "chatenoy-sans-nom-2027-b9to05",
        "name": null,
        "type_installation": "installation pré-APER",
        "status": "autorise",
        "year_commissioned": 2027,
        "operator_name": null,
        "developer_name": "STATKRAFT RENOUVELABLES",
        "commune": "CHATENOY",
        "code_dept": "45",
        "departement_name": "Loiret",
        "region_name": "Centre-Val de Loire",
        "puissance_mwc": 13.5,
        "surface_ha": null,
        "type_prod_1": "Elevage",
        "type_prod_1_details": "Ovins",
        "type_prod_2": null,
        "type_prod_3": null,
        "structure_pv": "Panneaux fixes",
        "source_primary": "ademe_agrivolt",
        "seen_in_sources": [
          "ademe_agrivolt"
        ],
        "verification_status": "verified",
        "first_seen_at": "2026-04-20T13:46:16.916584+00:00",
        "last_updated_at": "2026-04-20T18:02:51.278191+00:00"
      }
    },
    {
      "type": "Feature",
      "geometry": {
        "type": "Point",
        "coordinates": [
          3.052984,
          47.943458
        ]
      },
      "properties": {
        "slug": "douchy-montcorbon-parc-de-douchy-2024-p0cgjp",
        "name": "Parc de Douchy",
        "type_installation": "installation pré-APER",
        "status": "raccorde",
        "year_commissioned": 2024,
        "operator_name": null,
        "developer_name": "Veles Energies",
        "commune": "DOUCHY-MONTCORBON",
        "code_dept": "45",
        "departement_name": "Loiret",
        "region_name": "Centre-Val de Loire",
        "puissance_mwc": 23.0,
        "surface_ha": null,
        "type_prod_1": "Elevage",
        "type_prod_1_details": "Ovins",
        "type_prod_2": null,
        "type_prod_3": null,
        "structure_pv": "Panneaux fixes",
        "source_primary": "ademe_agrivolt",
        "seen_in_sources": [
          "ademe_agrivolt"
        ],
        "verification_status": "verified",
        "first_seen_at": "2026-04-20T13:46:16.916584+00:00",
        "last_updated_at": "2026-04-20T18:02:51.278191+00:00"
      }
    },
    {
      "type": "Feature",
      "geometry": {
        "type": "Point",
        "coordinates": [
          1.223781,
          44.643191
        ]
      },
      "properties": {
        "slug": "cazals-cazals-2026-7gyoe2",
        "name": "Cazals",
        "type_installation": "installation pré-APER",
        "status": "autorise",
        "year_commissioned": 2026,
        "operator_name": "ARKOLIA",
        "developer_name": "ARKOLIA",
        "commune": "CAZALS",
        "code_dept": "46",
        "departement_name": "Lot",
        "region_name": "Occitanie",
        "puissance_mwc": 2.1,
        "surface_ha": null,
        "type_prod_1": "Elevage",
        "type_prod_1_details": "Ovins",
        "type_prod_2": null,
        "type_prod_3": null,
        "structure_pv": "Panneaux fixes",
        "source_primary": "ademe_agrivolt",
        "seen_in_sources": [
          "ademe_agrivolt"
        ],
        "verification_status": "verified",
        "first_seen_at": "2026-04-20T13:46:16.916584+00:00",
        "last_updated_at": "2026-04-20T18:02:51.278191+00:00"
      }
    },
    {
      "type": "Feature",
      "geometry": {
        "type": "Point",
        "coordinates": [
          1.439368,
          44.646596
        ]
      },
      "properties": {
        "slug": "saint-germain-du-bel-air-le-cloup-de-cantaune-2026-k5bky5",
        "name": "Le Cloup de Cantaune",
        "type_installation": "installation pré-APER",
        "status": "autorise",
        "year_commissioned": 2026,
        "operator_name": "SARL Parc agrivoltaïque le Cloup de Cantaune",
        "developer_name": "RP Global France",
        "commune": "SAINT GERMAIN DU BEL AIR",
        "code_dept": "46",
        "departement_name": "Lot",
        "region_name": "Occitanie",
        "puissance_mwc": 6.32,
        "surface_ha": null,
        "type_prod_1": "Elevage",
        "type_prod_1_details": "Ovins",
        "type_prod_2": null,
        "type_prod_3": null,
        "structure_pv": "Panneaux fixes",
        "source_primary": "ademe_agrivolt",
        "seen_in_sources": [
          "ademe_agrivolt"
        ],
        "verification_status": "verified",
        "first_seen_at": "2026-04-20T13:46:16.916584+00:00",
        "last_updated_at": "2026-04-20T18:02:51.278191+00:00"
      }
    },
    {
      "type": "Feature",
      "geometry": {
        "type": "Point",
        "coordinates": [
          1.261139,
          44.680605
        ]
      },
      "properties": {
        "slug": "salviac-salviac-2017-qdaqii",
        "name": "Salviac",
        "type_installation": "installation pré-APER",
        "status": "raccorde",
        "year_commissioned": 2017,
        "operator_name": "Photosol Groupe - Photom",
        "developer_name": "Photosol Développement",
        "commune": "SALVIAC",
        "code_dept": "46",
        "departement_name": "Lot",
        "region_name": "Occitanie",
        "puissance_mwc": 4.5,
        "surface_ha": null,
        "type_prod_1": "Elevage",
        "type_prod_1_details": "Ovins",
        "type_prod_2": null,
        "type_prod_3": null,
        "structure_pv": "Panneaux fixes",
        "source_primary": "ademe_agrivolt",
        "seen_in_sources": [
          "ademe_agrivolt"
        ],
        "verification_status": "verified",
        "first_seen_at": "2026-04-20T13:46:16.916584+00:00",
        "last_updated_at": "2026-04-20T18:02:51.278191+00:00"
      }
    },
    {
      "type": "Feature",
      "geometry": {
        "type": "Point",
        "coordinates": [
          1.589633,
          45.015206
        ]
      },
      "properties": {
        "slug": "sarrazac-sarrazac-2014-iiknjt",
        "name": "Sarrazac",
        "type_installation": "installation pré-APER",
        "status": "raccorde",
        "year_commissioned": 2014,
        "operator_name": "Photosol Groupe - Photom",
        "developer_name": "Photosol Développement",
        "commune": "SARRAZAC",
        "code_dept": "46",
        "departement_name": "Lot",
        "region_name": "Occitanie",
        "puissance_mwc": 11.502,
        "surface_ha": null,
        "type_prod_1": "Elevage",
        "type_prod_1_details": "Ovins",
        "type_prod_2": null,
        "type_prod_3": null,
        "structure_pv": "Panneaux fixes",
        "source_primary": "ademe_agrivolt",
        "seen_in_sources": [
          "ademe_agrivolt"
        ],
        "verification_status": "verified",
        "first_seen_at": "2026-04-20T13:46:16.916584+00:00",
        "last_updated_at": "2026-04-20T18:02:51.278191+00:00"
      }
    },
    {
      "type": "Feature",
      "geometry": {
        "type": "Point",
        "coordinates": [
          -0.054077,
          44.201621
        ]
      },
      "properties": {
        "slug": "allons-capes-2031-3tgxms",
        "name": "CAPES",
        "type_installation": "installation pré-APER",
        "status": "autorise",
        "year_commissioned": 2031,
        "operator_name": "GLHD",
        "developer_name": "GLHD",
        "commune": "ALLONS",
        "code_dept": "47",
        "departement_name": "Lot-et-Garonne",
        "region_name": "Nouvelle-Aquitaine",
        "puissance_mwc": 73.0,
        "surface_ha": null,
        "type_prod_1": "Elevage",
        "type_prod_1_details": "Ovins",
        "type_prod_2": "Cultures_spécialisées",
        "type_prod_3": null,
        "structure_pv": "Panneaux mobiles / trackers",
        "source_primary": "ademe_agrivolt",
        "seen_in_sources": [
          "ademe_agrivolt",
          "mrae"
        ],
        "verification_status": "verified",
        "first_seen_at": "2026-04-20T13:46:16.916584+00:00",
        "last_updated_at": "2026-04-20T18:02:51.278191+00:00"
      }
    },
    {
      "type": "Feature",
      "geometry": {
        "type": "Point",
        "coordinates": [
          0.629444,
          44.160556
        ]
      },
      "properties": {
        "slug": "boe-sans-nom-2018-efkggh",
        "name": null,
        "type_installation": "installation pré-APER",
        "status": "raccorde",
        "year_commissioned": 2018,
        "operator_name": null,
        "developer_name": "REDEN SOLAR",
        "commune": "BOE",
        "code_dept": "47",
        "departement_name": "Lot-et-Garonne",
        "region_name": "Nouvelle-Aquitaine",
        "puissance_mwc": 7.5,
        "surface_ha": null,
        "type_prod_1": "Cultures_spécialisées",
        "type_prod_1_details": "Fruits",
        "type_prod_2": null,
        "type_prod_3": null,
        "structure_pv": "Serres",
        "source_primary": "ademe_agrivolt",
        "seen_in_sources": [
          "ademe_agrivolt"
        ],
        "verification_status": "verified",
        "first_seen_at": "2026-04-20T13:46:16.916584+00:00",
        "last_updated_at": "2026-04-20T18:02:51.278191+00:00"
      }
    },
    {
      "type": "Feature",
      "geometry": {
        "type": "Point",
        "coordinates": [
          0.095181,
          44.146211
        ]
      },
      "properties": {
        "slug": "bousses-courlis-2031-rcnnkb",
        "name": "COURLIS",
        "type_installation": "installation pré-APER",
        "status": "autorise",
        "year_commissioned": 2031,
        "operator_name": "GLHD",
        "developer_name": "GLHD",
        "commune": "BOUSSES",
        "code_dept": "47",
        "departement_name": "Lot-et-Garonne",
        "region_name": "Nouvelle-Aquitaine",
        "puissance_mwc": 116.0,
        "surface_ha": null,
        "type_prod_1": "Elevage",
        "type_prod_1_details": "Ovins",
        "type_prod_2": "Cultures_spécialisées",
        "type_prod_3": null,
        "structure_pv": "Panneaux mobiles / trackers",
        "source_primary": "ademe_agrivolt",
        "seen_in_sources": [
          "ademe_agrivolt"
        ],
        "verification_status": "verified",
        "first_seen_at": "2026-04-20T13:46:16.916584+00:00",
        "last_updated_at": "2026-04-20T18:02:51.278191+00:00"
      }
    },
    {
      "type": "Feature",
      "geometry": {
        "type": "Point",
        "coordinates": [
          0.181872,
          44.437996
        ]
      },
      "properties": {
        "slug": "caumont-sur-garonne-sans-nom-wqzd30",
        "name": null,
        "type_installation": "démonstrateur expérimental",
        "status": "raccorde",
        "year_commissioned": null,
        "operator_name": "OMBREA",
        "developer_name": "OMBREA",
        "commune": "CAUMONT-SUR-GARONNE",
        "code_dept": "47",
        "departement_name": "Lot-et-Garonne",
        "region_name": "Nouvelle-Aquitaine",
        "puissance_mwc": 0.079,
        "surface_ha": null,
        "type_prod_1": "Cultures_spécialisées",
        "type_prod_1_details": "Légumes",
        "type_prod_2": null,
        "type_prod_3": null,
        "structure_pv": "Panneaux mobiles / trackers",
        "source_primary": "ademe_agrivolt",
        "seen_in_sources": [
          "ademe_agrivolt"
        ],
        "verification_status": "verified",
        "first_seen_at": "2026-04-20T13:46:16.916584+00:00",
        "last_updated_at": "2026-04-20T18:02:51.278191+00:00"
      }
    },
    {
      "type": "Feature",
      "geometry": {
        "type": "Point",
        "coordinates": [
          0.161199,
          44.162879
        ]
      },
      "properties": {
        "slug": "durance-lagravette-2031-rvwxzi",
        "name": "LAGRAVETTE",
        "type_installation": "installation pré-APER",
        "status": "autorise",
        "year_commissioned": 2031,
        "operator_name": "GLHD",
        "developer_name": "GLHD",
        "commune": "DURANCE",
        "code_dept": "47",
        "departement_name": "Lot-et-Garonne",
        "region_name": "Nouvelle-Aquitaine",
        "puissance_mwc": 249.0,
        "surface_ha": null,
        "type_prod_1": "Cultures_spécialisées",
        "type_prod_1_details": "Légumes",
        "type_prod_2": null,
        "type_prod_3": null,
        "structure_pv": "Panneaux mobiles / trackers",
        "source_primary": "ademe_agrivolt",
        "seen_in_sources": [
          "ademe_agrivolt",
          "mrae"
        ],
        "verification_status": "verified",
        "first_seen_at": "2026-04-20T13:46:16.916584+00:00",
        "last_updated_at": "2026-04-20T18:02:51.278191+00:00"
      }
    },
    {
      "type": "Feature",
      "geometry": {
        "type": "Point",
        "coordinates": [
          0.464965,
          44.376906
        ]
      },
      "properties": {
        "slug": "granges-sur-lot-brinkhoff-2020-jtfkhx",
        "name": "Brinkhoff",
        "type_installation": "installation pré-APER",
        "status": "raccorde",
        "year_commissioned": 2020,
        "operator_name": null,
        "developer_name": "Sun'Agri",
        "commune": "GRANGES-SUR-LOT",
        "code_dept": "47",
        "departement_name": "Lot-et-Garonne",
        "region_name": "Nouvelle-Aquitaine",
        "puissance_mwc": 0.099,
        "surface_ha": null,
        "type_prod_1": "Cultures_spécialisées",
        "type_prod_1_details": "Légumes",
        "type_prod_2": null,
        "type_prod_3": null,
        "structure_pv": "Panneaux mobiles / trackers",
        "source_primary": "ademe_agrivolt",
        "seen_in_sources": [
          "ademe_agrivolt"
        ],
        "verification_status": "verified",
        "first_seen_at": "2026-04-20T13:46:16.916584+00:00",
        "last_updated_at": "2026-04-20T18:02:51.278191+00:00"
      }
    },
    {
      "type": "Feature",
      "geometry": {
        "type": "Point",
        "coordinates": [
          0.293351,
          44.730949
        ]
      },
      "properties": {
        "slug": "loubes-bernac-sans-nom-tjmmhs",
        "name": null,
        "type_installation": "installation pré-APER",
        "status": "raccorde",
        "year_commissioned": null,
        "operator_name": null,
        "developer_name": "Technique solaire",
        "commune": "LOUBES-BERNAC",
        "code_dept": "47",
        "departement_name": "Lot-et-Garonne",
        "region_name": "Nouvelle-Aquitaine",
        "puissance_mwc": 7.7,
        "surface_ha": null,
        "type_prod_1": "Elevage",
        "type_prod_1_details": "Autres",
        "type_prod_2": null,
        "type_prod_3": null,
        "structure_pv": "Volière",
        "source_primary": "ademe_agrivolt",
        "seen_in_sources": [
          "ademe_agrivolt"
        ],
        "verification_status": "verified",
        "first_seen_at": "2026-04-20T13:46:16.916584+00:00",
        "last_updated_at": "2026-04-20T18:02:51.278191+00:00"
      }
    },
    {
      "type": "Feature",
      "geometry": {
        "type": "Point",
        "coordinates": [
          0.517244,
          44.488611
        ]
      },
      "properties": {
        "slug": "montastruc-monte-a-ce-truc-2026-uqsesz",
        "name": "Monte a ce truc",
        "type_installation": "installation pré-APER",
        "status": "autorise",
        "year_commissioned": 2026,
        "operator_name": null,
        "developer_name": "URBASOLAR",
        "commune": "MONTASTRUC",
        "code_dept": "47",
        "departement_name": "Lot-et-Garonne",
        "region_name": "Nouvelle-Aquitaine",
        "puissance_mwc": 4.0,
        "surface_ha": null,
        "type_prod_1": "Elevage",
        "type_prod_1_details": "Autres",
        "type_prod_2": null,
        "type_prod_3": null,
        "structure_pv": "Panneaux fixes",
        "source_primary": "ademe_agrivolt",
        "seen_in_sources": [
          "ademe_agrivolt"
        ],
        "verification_status": "verified",
        "first_seen_at": "2026-04-20T13:46:16.916584+00:00",
        "last_updated_at": "2026-04-20T18:02:51.278191+00:00"
      }
    },
    {
      "type": "Feature",
      "geometry": {
        "type": "Point",
        "coordinates": [
          0.33925,
          44.135398
        ]
      },
      "properties": {
        "slug": "nerac-nerac47195-1-2030-bvorog",
        "name": "NERAC47195-1",
        "type_installation": "installation pré-APER",
        "status": "autorise",
        "year_commissioned": 2030,
        "operator_name": "ENOE",
        "developer_name": "ENOE",
        "commune": "Nérac",
        "code_dept": "47",
        "departement_name": "Lot-et-Garonne",
        "region_name": "Nouvelle-Aquitaine",
        "puissance_mwc": 11.5,
        "surface_ha": null,
        "type_prod_1": "Cultures_spécialisées",
        "type_prod_1_details": "PAM",
        "type_prod_2": null,
        "type_prod_3": null,
        "structure_pv": "Panneaux fixes",
        "source_primary": "ademe_agrivolt",
        "seen_in_sources": [
          "ademe_agrivolt"
        ],
        "verification_status": "verified",
        "first_seen_at": "2026-04-20T13:46:16.916584+00:00",
        "last_updated_at": "2026-04-20T18:02:51.278191+00:00"
      }
    },
    {
      "type": "Feature",
      "geometry": {
        "type": "Point",
        "coordinates": [
          0.33925,
          44.135398
        ]
      },
      "properties": {
        "slug": "nerac-nerac47195-2-2028-ahs2as",
        "name": "NERAC47195-2",
        "type_installation": "installation pré-APER",
        "status": "autorise",
        "year_commissioned": 2028,
        "operator_name": "ENOE",
        "developer_name": "ENOE",
        "commune": "Nérac",
        "code_dept": "47",
        "departement_name": "Lot-et-Garonne",
        "region_name": "Nouvelle-Aquitaine",
        "puissance_mwc": 4.5,
        "surface_ha": null,
        "type_prod_1": "Cultures_spécialisées",
        "type_prod_1_details": "PAM",
        "type_prod_2": null,
        "type_prod_3": null,
        "structure_pv": "Panneaux fixes",
        "source_primary": "ademe_agrivolt",
        "seen_in_sources": [
          "ademe_agrivolt"
        ],
        "verification_status": "verified",
        "first_seen_at": "2026-04-20T13:46:16.916584+00:00",
        "last_updated_at": "2026-04-20T18:02:51.278191+00:00"
      }
    },
    {
      "type": "Feature",
      "geometry": {
        "type": "Point",
        "coordinates": [
          0.308266,
          44.60364
        ]
      },
      "properties": {
        "slug": "puysserampion-sans-nom-1o74hg",
        "name": null,
        "type_installation": "installation pré-APER",
        "status": "raccorde",
        "year_commissioned": null,
        "operator_name": null,
        "developer_name": "Technique solaire",
        "commune": "PUYSSERAMPION",
        "code_dept": "47",
        "departement_name": "Lot-et-Garonne",
        "region_name": "Nouvelle-Aquitaine",
        "puissance_mwc": 2.1,
        "surface_ha": null,
        "type_prod_1": "Elevage",
        "type_prod_1_details": "Volailles",
        "type_prod_2": null,
        "type_prod_3": null,
        "structure_pv": "Volière",
        "source_primary": "ademe_agrivolt",
        "seen_in_sources": [
          "ademe_agrivolt"
        ],
        "verification_status": "verified",
        "first_seen_at": "2026-04-20T13:46:16.916584+00:00",
        "last_updated_at": "2026-04-20T18:02:51.278191+00:00"
      }
    },
    {
      "type": "Feature",
      "geometry": {
        "type": "Point",
        "coordinates": [
          0.59892,
          44.4033
        ]
      },
      "properties": {
        "slug": "sainte-livrade-sur-lot-sans-nom-gmeu9d",
        "name": null,
        "type_installation": "installation pré-APER",
        "status": "raccorde",
        "year_commissioned": null,
        "operator_name": null,
        "developer_name": "Insolight",
        "commune": "SAINTE-LIVRADE-SUR-LOT",
        "code_dept": "47",
        "departement_name": "Lot-et-Garonne",
        "region_name": "Nouvelle-Aquitaine",
        "puissance_mwc": 0.0102,
        "surface_ha": null,
        "type_prod_1": "Cultures_spécialisées",
        "type_prod_1_details": "Fruits",
        "type_prod_2": null,
        "type_prod_3": null,
        "structure_pv": "Serres",
        "source_primary": "ademe_agrivolt",
        "seen_in_sources": [
          "ademe_agrivolt"
        ],
        "verification_status": "verified",
        "first_seen_at": "2026-04-20T13:46:16.916584+00:00",
        "last_updated_at": "2026-04-20T18:02:51.278191+00:00"
      }
    },
    {
      "type": "Feature",
      "geometry": {
        "type": "Point",
        "coordinates": [
          0.218727,
          44.506855
        ]
      },
      "properties": {
        "slug": "virazeil-sans-nom-2018-nr9xyl",
        "name": null,
        "type_installation": "installation pré-APER",
        "status": "raccorde",
        "year_commissioned": 2018,
        "operator_name": null,
        "developer_name": "URBASOLAR",
        "commune": "VIRAZEIL",
        "code_dept": "47",
        "departement_name": "Lot-et-Garonne",
        "region_name": "Nouvelle-Aquitaine",
        "puissance_mwc": 2.457,
        "surface_ha": null,
        "type_prod_1": "Cultures_spécialisées",
        "type_prod_1_details": "Fruits",
        "type_prod_2": "Cultures_spécialisées",
        "type_prod_3": null,
        "structure_pv": "Serres",
        "source_primary": "ademe_agrivolt",
        "seen_in_sources": [
          "ademe_agrivolt"
        ],
        "verification_status": "verified",
        "first_seen_at": "2026-04-20T13:46:16.916584+00:00",
        "last_updated_at": "2026-04-20T18:02:51.278191+00:00"
      }
    },
    {
      "type": "Feature",
      "geometry": {
        "type": "Point",
        "coordinates": [
          -0.448344,
          47.356357
        ]
      },
      "properties": {
        "slug": "brissac-loire-aubance-vitivolt-2026-79jtdr",
        "name": "VITIVOLT",
        "type_installation": "démonstrateur expérimental",
        "status": "construction",
        "year_commissioned": 2026,
        "operator_name": "Alta EnR",
        "developer_name": "Alta Enr - Terrena",
        "commune": "BRISSAC LOIRE AUBANCE",
        "code_dept": "49",
        "departement_name": "Maine-et-Loire",
        "region_name": "Pays de la Loire",
        "puissance_mwc": 0.03,
        "surface_ha": null,
        "type_prod_1": "Cultures_spécialisées",
        "type_prod_1_details": "Viticulture",
        "type_prod_2": null,
        "type_prod_3": null,
        "structure_pv": "Ombrières dynamiques / trackers avec pilotage agronomique",
        "source_primary": "ademe_agrivolt",
        "seen_in_sources": [
          "ademe_agrivolt"
        ],
        "verification_status": "verified",
        "first_seen_at": "2026-04-20T13:46:16.916584+00:00",
        "last_updated_at": "2026-04-20T18:02:51.278191+00:00"
      }
    },
    {
      "type": "Feature",
      "geometry": {
        "type": "Point",
        "coordinates": [
          -0.557079,
          48.296222
        ]
      },
      "properties": {
        "slug": "aron-aron-2027-rvuqpf",
        "name": "Aron",
        "type_installation": "installation pré-APER",
        "status": "autorise",
        "year_commissioned": 2027,
        "operator_name": null,
        "developer_name": "URBASOLAR",
        "commune": "ARON",
        "code_dept": "53",
        "departement_name": "Mayenne",
        "region_name": "Pays de la Loire",
        "puissance_mwc": 15.0,
        "surface_ha": null,
        "type_prod_1": "Elevage",
        "type_prod_1_details": "Bovins",
        "type_prod_2": null,
        "type_prod_3": null,
        "structure_pv": "Panneaux fixes",
        "source_primary": "ademe_agrivolt",
        "seen_in_sources": [
          "ademe_agrivolt"
        ],
        "verification_status": "verified",
        "first_seen_at": "2026-04-20T13:46:16.916584+00:00",
        "last_updated_at": "2026-04-20T18:02:51.278191+00:00"
      }
    },
    {
      "type": "Feature",
      "geometry": {
        "type": "Point",
        "coordinates": [
          -0.479571,
          47.863856
        ]
      },
      "properties": {
        "slug": "bouere-sans-nom-9lceed",
        "name": null,
        "type_installation": "installation pré-APER",
        "status": "autorise",
        "year_commissioned": null,
        "operator_name": null,
        "developer_name": null,
        "commune": "BOUERE",
        "code_dept": "53",
        "departement_name": "Mayenne",
        "region_name": "Pays de la Loire",
        "puissance_mwc": 8.21,
        "surface_ha": null,
        "type_prod_1": null,
        "type_prod_1_details": null,
        "type_prod_2": null,
        "type_prod_3": null,
        "structure_pv": null,
        "source_primary": "ademe_agrivolt",
        "seen_in_sources": [
          "ademe_agrivolt"
        ],
        "verification_status": "verified",
        "first_seen_at": "2026-04-20T13:46:16.916584+00:00",
        "last_updated_at": "2026-04-20T18:02:51.278191+00:00"
      }
    },
    {
      "type": "Feature",
      "geometry": {
        "type": "Point",
        "coordinates": [
          -0.487324,
          48.001803
        ]
      },
      "properties": {
        "slug": "la-bazouge-de-chemere-brisanne-2026-bau6yb",
        "name": "Brisanne",
        "type_installation": "installation pré-APER",
        "status": "construction",
        "year_commissioned": 2026,
        "operator_name": "Neoen",
        "developer_name": "Neoen",
        "commune": "LA BAZOUGE DE CHEMERE",
        "code_dept": "53",
        "departement_name": "Mayenne",
        "region_name": "Pays de la Loire",
        "puissance_mwc": 30.0,
        "surface_ha": null,
        "type_prod_1": "Elevage",
        "type_prod_1_details": "Ovins",
        "type_prod_2": null,
        "type_prod_3": null,
        "structure_pv": "Panneaux fixes",
        "source_primary": "ademe_agrivolt",
        "seen_in_sources": [
          "ademe_agrivolt",
          "mrae"
        ],
        "verification_status": "verified",
        "first_seen_at": "2026-04-20T13:46:16.916584+00:00",
        "last_updated_at": "2026-04-20T18:02:51.278191+00:00"
      }
    },
    {
      "type": "Feature",
      "geometry": {
        "type": "Point",
        "coordinates": [
          6.18341,
          48.693722
        ]
      },
      "properties": {
        "slug": "nancy-centre-d-essais-agri-pv-a-nancy-2023-tncboq",
        "name": "Centre d'essais Agri-PV à Nancy",
        "type_installation": "démonstrateur expérimental",
        "status": "raccorde",
        "year_commissioned": 2023,
        "operator_name": "ENSAIA (Ecole Nationale Supérieure d'Agronomie et des Industries)",
        "developer_name": "Next2Sun",
        "commune": "NANCY",
        "code_dept": "54",
        "departement_name": "Meurthe-et-Moselle",
        "region_name": "Grand Est",
        "puissance_mwc": 0.079,
        "surface_ha": null,
        "type_prod_1": "Elevage",
        "type_prod_1_details": "Bovins",
        "type_prod_2": null,
        "type_prod_3": null,
        "structure_pv": "Modules verticaux bifaciaux",
        "source_primary": "ademe_agrivolt",
        "seen_in_sources": [
          "ademe_agrivolt"
        ],
        "verification_status": "verified",
        "first_seen_at": "2026-04-20T13:46:16.916584+00:00",
        "last_updated_at": "2026-04-20T18:02:51.278191+00:00"
      }
    },
    {
      "type": "Feature",
      "geometry": {
        "type": "Point",
        "coordinates": [
          3.357491,
          46.819658
        ]
      },
      "properties": {
        "slug": "avril-avril-sur-loire-ouest-g5fxz6",
        "name": "Avril sur Loire - Ouest",
        "type_installation": "installation pré-APER",
        "status": "autorise",
        "year_commissioned": null,
        "operator_name": "Photosol Groupe - Photom",
        "developer_name": "Photosol Développement",
        "commune": "AVRIL",
        "code_dept": "58",
        "departement_name": "Nièvre",
        "region_name": "Bourgogne-Franche-Comté",
        "puissance_mwc": 8.5,
        "surface_ha": null,
        "type_prod_1": "Elevage",
        "type_prod_1_details": "Ovins",
        "type_prod_2": null,
        "type_prod_3": null,
        "structure_pv": "Panneaux fixes",
        "source_primary": "ademe_agrivolt",
        "seen_in_sources": [
          "ademe_agrivolt",
          "mrae"
        ],
        "verification_status": "verified",
        "first_seen_at": "2026-04-20T13:46:16.916584+00:00",
        "last_updated_at": "2026-04-20T18:02:51.278191+00:00"
      }
    },
    {
      "type": "Feature",
      "geometry": {
        "type": "Point",
        "coordinates": [
          3.230452,
          46.92062
        ]
      },
      "properties": {
        "slug": "chevenon-chevenon-2027-lxich1",
        "name": "Chevenon",
        "type_installation": "installation pré-APER",
        "status": "autorise",
        "year_commissioned": 2027,
        "operator_name": "Photosol Groupe - Photom",
        "developer_name": "Photosol Développement",
        "commune": "CHEVENON",
        "code_dept": "58",
        "departement_name": "Nièvre",
        "region_name": "Bourgogne-Franche-Comté",
        "puissance_mwc": 30.0,
        "surface_ha": null,
        "type_prod_1": "Elevage",
        "type_prod_1_details": "Ovins",
        "type_prod_2": null,
        "type_prod_3": null,
        "structure_pv": "Panneaux fixes",
        "source_primary": "ademe_agrivolt",
        "seen_in_sources": [
          "ademe_agrivolt"
        ],
        "verification_status": "verified",
        "first_seen_at": "2026-04-20T13:46:16.916584+00:00",
        "last_updated_at": "2026-04-20T18:02:51.278191+00:00"
      }
    },
    {
      "type": "Feature",
      "geometry": {
        "type": "Point",
        "coordinates": [
          3.539493,
          47.526421
        ]
      },
      "properties": {
        "slug": "entrains-sur-nohain-1224-arnoult-2026-yhpeiu",
        "name": "1224 \" Arnoult\"",
        "type_installation": "installation agrivoltaïque APER",
        "status": "autorise",
        "year_commissioned": 2026,
        "operator_name": "GROUPE WATT&CO",
        "developer_name": "GROUPE WATT&CO",
        "commune": "ENTRAINS-SUR-NOHAIN",
        "code_dept": "58",
        "departement_name": "Nièvre",
        "region_name": "Bourgogne-Franche-Comté",
        "puissance_mwc": 0.97,
        "surface_ha": null,
        "type_prod_1": "Grandes_cultures",
        "type_prod_1_details": "Autres",
        "type_prod_2": null,
        "type_prod_3": null,
        "structure_pv": "Panneaux mobiles / trackers",
        "source_primary": "ademe_agrivolt",
        "seen_in_sources": [
          "ademe_agrivolt"
        ],
        "verification_status": "verified",
        "first_seen_at": "2026-04-20T13:46:16.916584+00:00",
        "last_updated_at": "2026-04-20T18:02:51.278191+00:00"
      }
    },
    {
      "type": "Feature",
      "geometry": {
        "type": "Point",
        "coordinates": [
          3.272825,
          46.968219
        ]
      },
      "properties": {
        "slug": "sauvigny-sauvigny-les-bois-1-wlifcg",
        "name": "Sauvigny-les-Bois 1",
        "type_installation": "installation pré-APER",
        "status": "construction",
        "year_commissioned": null,
        "operator_name": "Photosol Groupe - Photom",
        "developer_name": "Photosol Développement",
        "commune": "SAUVIGNY",
        "code_dept": "58",
        "departement_name": "Nièvre",
        "region_name": "Bourgogne-Franche-Comté",
        "puissance_mwc": 11.6,
        "surface_ha": null,
        "type_prod_1": "Elevage",
        "type_prod_1_details": "Ovins",
        "type_prod_2": null,
        "type_prod_3": null,
        "structure_pv": "Panneaux fixes",
        "source_primary": "ademe_agrivolt",
        "seen_in_sources": [
          "ademe_agrivolt"
        ],
        "verification_status": "verified",
        "first_seen_at": "2026-04-20T13:46:16.916584+00:00",
        "last_updated_at": "2026-04-20T18:02:51.278191+00:00"
      }
    },
    {
      "type": "Feature",
      "geometry": {
        "type": "Point",
        "coordinates": [
          3.272825,
          46.968219
        ]
      },
      "properties": {
        "slug": "sauvigny-sauvigny-les-bois-2-cre-2fhgts",
        "name": "Sauvigny-les-Bois 2 CRE",
        "type_installation": "installation pré-APER",
        "status": "construction",
        "year_commissioned": null,
        "operator_name": "Photosol Groupe - Photom",
        "developer_name": "Photosol Développement",
        "commune": "SAUVIGNY",
        "code_dept": "58",
        "departement_name": "Nièvre",
        "region_name": "Bourgogne-Franche-Comté",
        "puissance_mwc": 24.75,
        "surface_ha": null,
        "type_prod_1": "Elevage",
        "type_prod_1_details": "Ovins",
        "type_prod_2": null,
        "type_prod_3": null,
        "structure_pv": "Panneaux mobiles / trackers",
        "source_primary": "ademe_agrivolt",
        "seen_in_sources": [
          "ademe_agrivolt"
        ],
        "verification_status": "verified",
        "first_seen_at": "2026-04-20T13:46:16.916584+00:00",
        "last_updated_at": "2026-04-20T18:02:51.278191+00:00"
      }
    },
    {
      "type": "Feature",
      "geometry": {
        "type": "Point",
        "coordinates": [
          3.272825,
          46.968219
        ]
      },
      "properties": {
        "slug": "sauvigny-sauvigny-les-bois-2-ppa-gkth5h",
        "name": "Sauvigny-les-Bois 2 PPA",
        "type_installation": "installation pré-APER",
        "status": "construction",
        "year_commissioned": null,
        "operator_name": "Photosol Groupe - Photom",
        "developer_name": "Photosol Développement",
        "commune": "SAUVIGNY",
        "code_dept": "58",
        "departement_name": "Nièvre",
        "region_name": "Bourgogne-Franche-Comté",
        "puissance_mwc": 16.79,
        "surface_ha": null,
        "type_prod_1": "Elevage",
        "type_prod_1_details": "Ovins",
        "type_prod_2": null,
        "type_prod_3": null,
        "structure_pv": "Panneaux fixes",
        "source_primary": "ademe_agrivolt",
        "seen_in_sources": [
          "ademe_agrivolt"
        ],
        "verification_status": "verified",
        "first_seen_at": "2026-04-20T13:46:16.916584+00:00",
        "last_updated_at": "2026-04-20T18:02:51.278191+00:00"
      }
    },
    {
      "type": "Feature",
      "geometry": {
        "type": "Point",
        "coordinates": [
          3.065085,
          47.336738
        ]
      },
      "properties": {
        "slug": "suilly-la-tour-suilly58281-1-2030-d8w5rx",
        "name": "SUILLY58281-1",
        "type_installation": "installation pré-APER",
        "status": "autorise",
        "year_commissioned": 2030,
        "operator_name": "ENOE",
        "developer_name": "ENOE",
        "commune": "Suilly-la-Tour",
        "code_dept": "58",
        "departement_name": "Nièvre",
        "region_name": "Bourgogne-Franche-Comté",
        "puissance_mwc": 24.47,
        "surface_ha": null,
        "type_prod_1": "Elevage",
        "type_prod_1_details": "Ovins",
        "type_prod_2": "conversion en élevage ovins",
        "type_prod_3": null,
        "structure_pv": "Panneaux mobiles / trackers",
        "source_primary": "ademe_agrivolt",
        "seen_in_sources": [
          "ademe_agrivolt"
        ],
        "verification_status": "verified",
        "first_seen_at": "2026-04-20T13:46:16.916584+00:00",
        "last_updated_at": "2026-04-20T18:02:51.278191+00:00"
      }
    },
    {
      "type": "Feature",
      "geometry": {
        "type": "Point",
        "coordinates": [
          3.591401,
          47.366806
        ]
      },
      "properties": {
        "slug": "tannay-tannay-rfyksy",
        "name": "Tannay",
        "type_installation": "installation pré-APER",
        "status": "autorise",
        "year_commissioned": null,
        "operator_name": "Photosol Groupe - Photom",
        "developer_name": "Photosol Développement",
        "commune": "TANNAY",
        "code_dept": "58",
        "departement_name": "Nièvre",
        "region_name": "Bourgogne-Franche-Comté",
        "puissance_mwc": 17.7,
        "surface_ha": null,
        "type_prod_1": "Elevage",
        "type_prod_1_details": "Ovins",
        "type_prod_2": null,
        "type_prod_3": null,
        "structure_pv": "Panneaux fixes",
        "source_primary": "ademe_agrivolt",
        "seen_in_sources": [
          "ademe_agrivolt"
        ],
        "verification_status": "verified",
        "first_seen_at": "2026-04-20T13:46:16.916584+00:00",
        "last_updated_at": "2026-04-20T18:02:51.278191+00:00"
      }
    },
    {
      "type": "Feature",
      "geometry": {
        "type": "Point",
        "coordinates": [
          3.570349,
          46.866633
        ]
      },
      "properties": {
        "slug": "verneuil-verneuil-1-2017-mnvwsa",
        "name": "Verneuil 1",
        "type_installation": "installation pré-APER",
        "status": "raccorde",
        "year_commissioned": 2017,
        "operator_name": "Photosol Groupe - Photom",
        "developer_name": "Photosol Développement",
        "commune": "VERNEUIL",
        "code_dept": "58",
        "departement_name": "Nièvre",
        "region_name": "Bourgogne-Franche-Comté",
        "puissance_mwc": 11.998,
        "surface_ha": null,
        "type_prod_1": "Elevage",
        "type_prod_1_details": "Ovins",
        "type_prod_2": null,
        "type_prod_3": null,
        "structure_pv": "Panneaux fixes",
        "source_primary": "ademe_agrivolt",
        "seen_in_sources": [
          "ademe_agrivolt"
        ],
        "verification_status": "verified",
        "first_seen_at": "2026-04-20T13:46:16.916584+00:00",
        "last_updated_at": "2026-04-20T18:02:51.278191+00:00"
      }
    },
    {
      "type": "Feature",
      "geometry": {
        "type": "Point",
        "coordinates": [
          3.570349,
          46.866633
        ]
      },
      "properties": {
        "slug": "verneuil-verneuil-2-2017-oliyys",
        "name": "Verneuil 2",
        "type_installation": "installation pré-APER",
        "status": "raccorde",
        "year_commissioned": 2017,
        "operator_name": "Photosol Groupe - Photom",
        "developer_name": "Photosol Développement",
        "commune": "VERNEUIL",
        "code_dept": "58",
        "departement_name": "Nièvre",
        "region_name": "Bourgogne-Franche-Comté",
        "puissance_mwc": 11.999,
        "surface_ha": null,
        "type_prod_1": "Elevage",
        "type_prod_1_details": "Ovins",
        "type_prod_2": null,
        "type_prod_3": null,
        "structure_pv": "Panneaux fixes",
        "source_primary": "ademe_agrivolt",
        "seen_in_sources": [
          "ademe_agrivolt"
        ],
        "verification_status": "verified",
        "first_seen_at": "2026-04-20T13:46:16.916584+00:00",
        "last_updated_at": "2026-04-20T18:02:51.278191+00:00"
      }
    },
    {
      "type": "Feature",
      "geometry": {
        "type": "Point",
        "coordinates": [
          3.570349,
          46.866633
        ]
      },
      "properties": {
        "slug": "verneuil-verneuil-3-2017-6nn2or",
        "name": "Verneuil 3",
        "type_installation": "installation pré-APER",
        "status": "raccorde",
        "year_commissioned": 2017,
        "operator_name": "Photosol Groupe - Photom",
        "developer_name": "Photosol Développement",
        "commune": "VERNEUIL",
        "code_dept": "58",
        "departement_name": "Nièvre",
        "region_name": "Bourgogne-Franche-Comté",
        "puissance_mwc": 6.987,
        "surface_ha": null,
        "type_prod_1": "Elevage",
        "type_prod_1_details": "Ovins",
        "type_prod_2": null,
        "type_prod_3": null,
        "structure_pv": "Panneaux fixes",
        "source_primary": "ademe_agrivolt",
        "seen_in_sources": [
          "ademe_agrivolt"
        ],
        "verification_status": "verified",
        "first_seen_at": "2026-04-20T13:46:16.916584+00:00",
        "last_updated_at": "2026-04-20T18:02:51.278191+00:00"
      }
    },
    {
      "type": "Feature",
      "geometry": {
        "type": "Point",
        "coordinates": [
          3.570349,
          46.866633
        ]
      },
      "properties": {
        "slug": "verneuil-verneuil-4-2017-mgtkzx",
        "name": "Verneuil 4",
        "type_installation": "installation pré-APER",
        "status": "raccorde",
        "year_commissioned": 2017,
        "operator_name": "Photosol Groupe - Photom",
        "developer_name": "Photosol Développement",
        "commune": "VERNEUIL",
        "code_dept": "58",
        "departement_name": "Nièvre",
        "region_name": "Bourgogne-Franche-Comté",
        "puissance_mwc": 11.995,
        "surface_ha": null,
        "type_prod_1": "Elevage",
        "type_prod_1_details": "Ovins",
        "type_prod_2": null,
        "type_prod_3": null,
        "structure_pv": "Panneaux fixes",
        "source_primary": "ademe_agrivolt",
        "seen_in_sources": [
          "ademe_agrivolt"
        ],
        "verification_status": "verified",
        "first_seen_at": "2026-04-20T13:46:16.916584+00:00",
        "last_updated_at": "2026-04-20T18:02:51.278191+00:00"
      }
    },
    {
      "type": "Feature",
      "geometry": {
        "type": "Point",
        "coordinates": [
          1.819114,
          49.335218
        ]
      },
      "properties": {
        "slug": "flavacourt-serifontaine-green-valois-2025-mr85u4",
        "name": "Green Valois",
        "type_installation": "installation pré-APER",
        "status": "construction",
        "year_commissioned": 2025,
        "operator_name": null,
        "developer_name": "TTR Energy",
        "commune": "FLAVACOURT-SERIFONTAINE",
        "code_dept": "60",
        "departement_name": "Oise",
        "region_name": "Hauts-de-France",
        "puissance_mwc": 42.89,
        "surface_ha": null,
        "type_prod_1": "Elevage",
        "type_prod_1_details": "Ovins",
        "type_prod_2": "Cultures_spécialisées",
        "type_prod_3": null,
        "structure_pv": "Panneaux mobiles / trackers",
        "source_primary": "ademe_agrivolt",
        "seen_in_sources": [
          "ademe_agrivolt"
        ],
        "verification_status": "verified",
        "first_seen_at": "2026-04-20T13:46:16.916584+00:00",
        "last_updated_at": "2026-04-20T18:02:51.278191+00:00"
      }
    },
    {
      "type": "Feature",
      "geometry": {
        "type": "Point",
        "coordinates": [
          3.179189,
          45.584642
        ]
      },
      "properties": {
        "slug": "chadeleuf-chadeleuf-2025-viyffw",
        "name": "Chadeleuf",
        "type_installation": "installation agrivoltaïque APER",
        "status": "raccorde",
        "year_commissioned": 2025,
        "operator_name": "TSE",
        "developer_name": null,
        "commune": "CHADELEUF",
        "code_dept": "63",
        "departement_name": "Puy-de-Dôme",
        "region_name": "Auvergne-Rhône-Alpes",
        "puissance_mwc": 0.278,
        "surface_ha": null,
        "type_prod_1": null,
        "type_prod_1_details": null,
        "type_prod_2": null,
        "type_prod_3": null,
        "structure_pv": null,
        "source_primary": "ademe_agrivolt",
        "seen_in_sources": [
          "ademe_agrivolt"
        ],
        "verification_status": "verified",
        "first_seen_at": "2026-04-20T13:46:16.916584+00:00",
        "last_updated_at": "2026-04-20T18:02:51.278191+00:00"
      }
    },
    {
      "type": "Feature",
      "geometry": {
        "type": "Point",
        "coordinates": [
          -0.200051,
          43.129873
        ]
      },
      "properties": {
        "slug": "montaut-sans-nom-2024-8ezsgt",
        "name": null,
        "type_installation": "installation pré-APER",
        "status": "raccorde",
        "year_commissioned": 2024,
        "operator_name": null,
        "developer_name": "REDEN SOLAR",
        "commune": "MONTAUT",
        "code_dept": "64",
        "departement_name": "Pyrénées-Atlantiques",
        "region_name": "Nouvelle-Aquitaine",
        "puissance_mwc": null,
        "surface_ha": null,
        "type_prod_1": "Cultures_spécialisées",
        "type_prod_1_details": "Fruits",
        "type_prod_2": null,
        "type_prod_3": null,
        "structure_pv": "Serres",
        "source_primary": "ademe_agrivolt",
        "seen_in_sources": [
          "ademe_agrivolt"
        ],
        "verification_status": "verified",
        "first_seen_at": "2026-04-20T13:46:16.916584+00:00",
        "last_updated_at": "2026-04-20T18:02:51.278191+00:00"
      }
    },
    {
      "type": "Feature",
      "geometry": {
        "type": "Point",
        "coordinates": [
          -1.157339,
          43.523303
        ]
      },
      "properties": {
        "slug": "sames-sans-nom-1-cf94",
        "name": null,
        "type_installation": "installation pré-APER",
        "status": "raccorde",
        "year_commissioned": null,
        "operator_name": null,
        "developer_name": "Insolight",
        "commune": "SAMES",
        "code_dept": "64",
        "departement_name": "Pyrénées-Atlantiques",
        "region_name": "Nouvelle-Aquitaine",
        "puissance_mwc": 0.19,
        "surface_ha": null,
        "type_prod_1": "Cultures_spécialisées",
        "type_prod_1_details": "Fruits",
        "type_prod_2": null,
        "type_prod_3": null,
        "structure_pv": "Serres",
        "source_primary": "ademe_agrivolt",
        "seen_in_sources": [
          "ademe_agrivolt"
        ],
        "verification_status": "verified",
        "first_seen_at": "2026-04-20T13:46:16.916584+00:00",
        "last_updated_at": "2026-04-20T18:02:51.278191+00:00"
      }
    },
    {
      "type": "Feature",
      "geometry": {
        "type": "Point",
        "coordinates": [
          0.392444,
          43.253236
        ]
      },
      "properties": {
        "slug": "libaros-libaros-2027-dpklrl",
        "name": "Libaros",
        "type_installation": "installation pré-APER",
        "status": "autorise",
        "year_commissioned": 2027,
        "operator_name": null,
        "developer_name": "Q ENERGY",
        "commune": "LIBAROS",
        "code_dept": "65",
        "departement_name": "Hautes-Pyrénées",
        "region_name": "Occitanie",
        "puissance_mwc": 11.28,
        "surface_ha": null,
        "type_prod_1": "Cultures_spécialisées",
        "type_prod_1_details": "Fruits",
        "type_prod_2": null,
        "type_prod_3": null,
        "structure_pv": "Panneaux fixes",
        "source_primary": "ademe_agrivolt",
        "seen_in_sources": [
          "ademe_agrivolt"
        ],
        "verification_status": "verified",
        "first_seen_at": "2026-04-20T13:46:16.916584+00:00",
        "last_updated_at": "2026-04-20T18:02:51.278191+00:00"
      }
    },
    {
      "type": "Feature",
      "geometry": {
        "type": "Point",
        "coordinates": [
          2.980672,
          42.6391
        ]
      },
      "properties": {
        "slug": "alenya-alenya-2021-srhzsj",
        "name": "Alénya",
        "type_installation": "démonstrateur expérimental",
        "status": "raccorde",
        "year_commissioned": 2021,
        "operator_name": null,
        "developer_name": "Sun'Agri",
        "commune": "ALENYA",
        "code_dept": "66",
        "departement_name": "Pyrénées-Orientales",
        "region_name": "Occitanie",
        "puissance_mwc": 0.036,
        "surface_ha": null,
        "type_prod_1": "Cultures_spécialisées",
        "type_prod_1_details": "Légumes",
        "type_prod_2": null,
        "type_prod_3": null,
        "structure_pv": "Panneaux mobiles / trackers",
        "source_primary": "ademe_agrivolt",
        "seen_in_sources": [
          "ademe_agrivolt"
        ],
        "verification_status": "verified",
        "first_seen_at": "2026-04-20T13:46:16.916584+00:00",
        "last_updated_at": "2026-04-20T18:02:51.278191+00:00"
      }
    },
    {
      "type": "Feature",
      "geometry": {
        "type": "Point",
        "coordinates": [
          2.955606,
          42.760155
        ]
      },
      "properties": {
        "slug": "claira-claira-2023-dcdck2",
        "name": "Claira",
        "type_installation": "installation pré-APER",
        "status": "raccorde",
        "year_commissioned": 2023,
        "operator_name": null,
        "developer_name": "Sun'Agri",
        "commune": "CLAIRA",
        "code_dept": "66",
        "departement_name": "Pyrénées-Orientales",
        "region_name": "Occitanie",
        "puissance_mwc": 1.931,
        "surface_ha": null,
        "type_prod_1": "Cultures_spécialisées",
        "type_prod_1_details": "Viticulture",
        "type_prod_2": null,
        "type_prod_3": null,
        "structure_pv": "Panneaux mobiles / trackers",
        "source_primary": "ademe_agrivolt",
        "seen_in_sources": [
          "ademe_agrivolt"
        ],
        "verification_status": "verified",
        "first_seen_at": "2026-04-20T13:46:16.916584+00:00",
        "last_updated_at": "2026-04-20T18:02:51.278191+00:00"
      }
    },
    {
      "type": "Feature",
      "geometry": {
        "type": "Point",
        "coordinates": [
          2.622485,
          42.670966
        ]
      },
      "properties": {
        "slug": "ille-sur-tet-sans-nom-jzmnx9",
        "name": null,
        "type_installation": "installation pré-APER",
        "status": "raccorde",
        "year_commissioned": null,
        "operator_name": null,
        "developer_name": "Technique solaire",
        "commune": "ILLE-SUR-TET",
        "code_dept": "66",
        "departement_name": "Pyrénées-Orientales",
        "region_name": "Occitanie",
        "puissance_mwc": 2.46,
        "surface_ha": null,
        "type_prod_1": "Elevage",
        "type_prod_1_details": "Autres",
        "type_prod_2": null,
        "type_prod_3": null,
        "structure_pv": "Volière",
        "source_primary": "ademe_agrivolt",
        "seen_in_sources": [
          "ademe_agrivolt"
        ],
        "verification_status": "verified",
        "first_seen_at": "2026-04-20T13:46:16.916584+00:00",
        "last_updated_at": "2026-04-20T18:02:51.278191+00:00"
      }
    },
    {
      "type": "Feature",
      "geometry": {
        "type": "Point",
        "coordinates": [
          2.77032,
          42.622778
        ]
      },
      "properties": {
        "slug": "llupia-llupia-2021-y5froh",
        "name": "Llupia",
        "type_installation": "installation pré-APER",
        "status": "raccorde",
        "year_commissioned": 2021,
        "operator_name": null,
        "developer_name": "Sun'Agri",
        "commune": "LLUPIA",
        "code_dept": "66",
        "departement_name": "Pyrénées-Orientales",
        "region_name": "Occitanie",
        "puissance_mwc": 1.77,
        "surface_ha": null,
        "type_prod_1": "Cultures_spécialisées",
        "type_prod_1_details": "Fruits",
        "type_prod_2": null,
        "type_prod_3": null,
        "structure_pv": "Panneaux mobiles / trackers",
        "source_primary": "ademe_agrivolt",
        "seen_in_sources": [
          "ademe_agrivolt"
        ],
        "verification_status": "verified",
        "first_seen_at": "2026-04-20T13:46:16.916584+00:00",
        "last_updated_at": "2026-04-20T18:02:51.278191+00:00"
      }
    },
    {
      "type": "Feature",
      "geometry": {
        "type": "Point",
        "coordinates": [
          2.77032,
          42.622778
        ]
      },
      "properties": {
        "slug": "llupia-vigne-del-rey-2023-9f-mdx",
        "name": "Vigne del Rey",
        "type_installation": "installation pré-APER",
        "status": "raccorde",
        "year_commissioned": 2023,
        "operator_name": null,
        "developer_name": "Sun'Agri",
        "commune": "LLUPIA",
        "code_dept": "66",
        "departement_name": "Pyrénées-Orientales",
        "region_name": "Occitanie",
        "puissance_mwc": 2.948,
        "surface_ha": null,
        "type_prod_1": "Cultures_spécialisées",
        "type_prod_1_details": "Viticulture",
        "type_prod_2": null,
        "type_prod_3": null,
        "structure_pv": "Panneaux mobiles / trackers",
        "source_primary": "ademe_agrivolt",
        "seen_in_sources": [
          "ademe_agrivolt"
        ],
        "verification_status": "verified",
        "first_seen_at": "2026-04-20T13:46:16.916584+00:00",
        "last_updated_at": "2026-04-20T18:02:51.278191+00:00"
      }
    },
    {
      "type": "Feature",
      "geometry": {
        "type": "Point",
        "coordinates": [
          2.769349,
          42.694002
        ]
      },
      "properties": {
        "slug": "pezilla-la-riviere-serre-monopente-photovoltaique-amarenco-pezilla-2021-ypiu6v",
        "name": "Serre monopente photovoltaïque Amarenco Pezilla",
        "type_installation": "installation pré-APER",
        "status": "raccorde",
        "year_commissioned": 2021,
        "operator_name": null,
        "developer_name": "AMARENCO",
        "commune": "PEZILLA-LA-RIVIERE",
        "code_dept": "66",
        "departement_name": "Pyrénées-Orientales",
        "region_name": "Occitanie",
        "puissance_mwc": 2.16,
        "surface_ha": null,
        "type_prod_1": "Cultures_spécialisées",
        "type_prod_1_details": "Fruits",
        "type_prod_2": null,
        "type_prod_3": null,
        "structure_pv": "Serres",
        "source_primary": "ademe_agrivolt",
        "seen_in_sources": [
          "ademe_agrivolt"
        ],
        "verification_status": "verified",
        "first_seen_at": "2026-04-20T13:46:16.916584+00:00",
        "last_updated_at": "2026-04-20T18:02:51.278191+00:00"
      }
    },
    {
      "type": "Feature",
      "geometry": {
        "type": "Point",
        "coordinates": [
          2.870928,
          42.768357
        ]
      },
      "properties": {
        "slug": "rivesaltes-sans-nom-etx8z6",
        "name": null,
        "type_installation": "démonstrateur expérimental",
        "status": "raccorde",
        "year_commissioned": null,
        "operator_name": null,
        "developer_name": "Solveo energies",
        "commune": "RIVESALTES",
        "code_dept": "66",
        "departement_name": "Pyrénées-Orientales",
        "region_name": "Occitanie",
        "puissance_mwc": 0.247,
        "surface_ha": null,
        "type_prod_1": "Cultures_spécialisées",
        "type_prod_1_details": "Fruits",
        "type_prod_2": null,
        "type_prod_3": null,
        "structure_pv": "Panneaux mobiles / trackers",
        "source_primary": "ademe_agrivolt",
        "seen_in_sources": [
          "ademe_agrivolt"
        ],
        "verification_status": "verified",
        "first_seen_at": "2026-04-20T13:46:16.916584+00:00",
        "last_updated_at": "2026-04-20T18:02:51.278191+00:00"
      }
    },
    {
      "type": "Feature",
      "geometry": {
        "type": "Point",
        "coordinates": [
          1.046182,
          44.869331
        ]
      },
      "properties": {
        "slug": "saint-cyprien-les-plantations-dacapella-2021-tjy5je",
        "name": "Les Plantations d’Acapella",
        "type_installation": "installation pré-APER",
        "status": "raccorde",
        "year_commissioned": 2021,
        "operator_name": null,
        "developer_name": null,
        "commune": "SAINT-CYPRIEN",
        "code_dept": "66",
        "departement_name": "Pyrénées-Orientales",
        "region_name": "Occitanie",
        "puissance_mwc": null,
        "surface_ha": null,
        "type_prod_1": "Cultures_spécialisées",
        "type_prod_1_details": "Autres",
        "type_prod_2": null,
        "type_prod_3": null,
        "structure_pv": "Serres",
        "source_primary": "ademe_agrivolt",
        "seen_in_sources": [
          "ademe_agrivolt"
        ],
        "verification_status": "verified",
        "first_seen_at": "2026-04-20T13:46:16.916584+00:00",
        "last_updated_at": "2026-04-20T18:02:51.278191+00:00"
      }
    },
    {
      "type": "Feature",
      "geometry": {
        "type": "Point",
        "coordinates": [
          2.771967,
          42.608022
        ]
      },
      "properties": {
        "slug": "terrats-terrats-2024-ig9cde",
        "name": "Terrats",
        "type_installation": "installation pré-APER",
        "status": "raccorde",
        "year_commissioned": 2024,
        "operator_name": null,
        "developer_name": "Sun'Agri",
        "commune": "TERRATS",
        "code_dept": "66",
        "departement_name": "Pyrénées-Orientales",
        "region_name": "Occitanie",
        "puissance_mwc": 2.938,
        "surface_ha": null,
        "type_prod_1": "Cultures_spécialisées",
        "type_prod_1_details": "Viticulture",
        "type_prod_2": null,
        "type_prod_3": null,
        "structure_pv": "Panneaux mobiles / trackers",
        "source_primary": "ademe_agrivolt",
        "seen_in_sources": [
          "ademe_agrivolt"
        ],
        "verification_status": "verified",
        "first_seen_at": "2026-04-20T13:46:16.916584+00:00",
        "last_updated_at": "2026-04-20T18:02:51.278191+00:00"
      }
    },
    {
      "type": "Feature",
      "geometry": {
        "type": "Point",
        "coordinates": [
          2.771967,
          42.608022
        ]
      },
      "properties": {
        "slug": "terrats-terrats-2-2024-xnr2rm",
        "name": "Terrats 2",
        "type_installation": "installation pré-APER",
        "status": "raccorde",
        "year_commissioned": 2024,
        "operator_name": null,
        "developer_name": "Sun'Agri",
        "commune": "TERRATS",
        "code_dept": "66",
        "departement_name": "Pyrénées-Orientales",
        "region_name": "Occitanie",
        "puissance_mwc": 2.145,
        "surface_ha": null,
        "type_prod_1": "Cultures_spécialisées",
        "type_prod_1_details": "Viticulture",
        "type_prod_2": null,
        "type_prod_3": null,
        "structure_pv": "Panneaux mobiles / trackers",
        "source_primary": "ademe_agrivolt",
        "seen_in_sources": [
          "ademe_agrivolt"
        ],
        "verification_status": "verified",
        "first_seen_at": "2026-04-20T13:46:16.916584+00:00",
        "last_updated_at": "2026-04-20T18:02:51.278191+00:00"
      }
    },
    {
      "type": "Feature",
      "geometry": {
        "type": "Point",
        "coordinates": [
          2.755766,
          42.629128
        ]
      },
      "properties": {
        "slug": "thuir-thuir-2022-ajf7yb",
        "name": "Thuir",
        "type_installation": "installation pré-APER",
        "status": "raccorde",
        "year_commissioned": 2022,
        "operator_name": null,
        "developer_name": "Sun'Agri",
        "commune": "THUIR",
        "code_dept": "66",
        "departement_name": "Pyrénées-Orientales",
        "region_name": "Occitanie",
        "puissance_mwc": 0.493,
        "surface_ha": null,
        "type_prod_1": "Cultures_spécialisées",
        "type_prod_1_details": "Légumes",
        "type_prod_2": null,
        "type_prod_3": null,
        "structure_pv": "Panneaux mobiles / trackers",
        "source_primary": "ademe_agrivolt",
        "seen_in_sources": [
          "ademe_agrivolt"
        ],
        "verification_status": "verified",
        "first_seen_at": "2026-04-20T13:46:16.916584+00:00",
        "last_updated_at": "2026-04-20T18:02:51.278191+00:00"
      }
    },
    {
      "type": "Feature",
      "geometry": {
        "type": "Point",
        "coordinates": [
          2.992913,
          42.754803
        ]
      },
      "properties": {
        "slug": "torreilles-les-arts-verts-de-torreilles-2017-slk-mj",
        "name": "Les Arts Verts de Torreilles",
        "type_installation": "installation pré-APER",
        "status": "raccorde",
        "year_commissioned": 2017,
        "operator_name": null,
        "developer_name": "AMARENCO",
        "commune": "TORREILLES",
        "code_dept": "66",
        "departement_name": "Pyrénées-Orientales",
        "region_name": "Occitanie",
        "puissance_mwc": null,
        "surface_ha": null,
        "type_prod_1": "Cultures_spécialisées",
        "type_prod_1_details": "Légumes",
        "type_prod_2": "Cultures_spécialisées",
        "type_prod_3": "Cultures_spécialisées",
        "structure_pv": "Serres",
        "source_primary": "ademe_agrivolt",
        "seen_in_sources": [
          "ademe_agrivolt"
        ],
        "verification_status": "verified",
        "first_seen_at": "2026-04-20T13:46:16.916584+00:00",
        "last_updated_at": "2026-04-20T18:02:51.278191+00:00"
      }
    },
    {
      "type": "Feature",
      "geometry": {
        "type": "Point",
        "coordinates": [
          2.831982,
          42.670034
        ]
      },
      "properties": {
        "slug": "toulouges-sans-nom-bsvruy",
        "name": null,
        "type_installation": "installation pré-APER",
        "status": "raccorde",
        "year_commissioned": null,
        "operator_name": null,
        "developer_name": "AMARENCO",
        "commune": "TOULOUGES",
        "code_dept": "66",
        "departement_name": "Pyrénées-Orientales",
        "region_name": "Occitanie",
        "puissance_mwc": 2.1,
        "surface_ha": null,
        "type_prod_1": "Cultures_spécialisées",
        "type_prod_1_details": "Légumes",
        "type_prod_2": "Cultures_spécialisées",
        "type_prod_3": null,
        "structure_pv": "Serres",
        "source_primary": "ademe_agrivolt",
        "seen_in_sources": [
          "ademe_agrivolt"
        ],
        "verification_status": "verified",
        "first_seen_at": "2026-04-20T13:46:16.916584+00:00",
        "last_updated_at": "2026-04-20T18:02:51.278191+00:00"
      }
    },
    {
      "type": "Feature",
      "geometry": {
        "type": "Point",
        "coordinates": [
          2.831982,
          42.670034
        ]
      },
      "properties": {
        "slug": "toulouges-sans-nom-saxwj7",
        "name": null,
        "type_installation": "installation pré-APER",
        "status": "raccorde",
        "year_commissioned": null,
        "operator_name": null,
        "developer_name": "Technique solaire",
        "commune": "TOULOUGES",
        "code_dept": "66",
        "departement_name": "Pyrénées-Orientales",
        "region_name": "Occitanie",
        "puissance_mwc": 3.4,
        "surface_ha": null,
        "type_prod_1": "Elevage",
        "type_prod_1_details": "Volailles",
        "type_prod_2": null,
        "type_prod_3": null,
        "structure_pv": "Volière",
        "source_primary": "ademe_agrivolt",
        "seen_in_sources": [
          "ademe_agrivolt"
        ],
        "verification_status": "verified",
        "first_seen_at": "2026-04-20T13:46:16.916584+00:00",
        "last_updated_at": "2026-04-20T18:02:51.278191+00:00"
      }
    },
    {
      "type": "Feature",
      "geometry": {
        "type": "Point",
        "coordinates": [
          2.829473,
          42.563082
        ]
      },
      "properties": {
        "slug": "tresserre-tresserre-2018-dcgeuu",
        "name": "Tresserre",
        "type_installation": "installation pré-APER",
        "status": "raccorde",
        "year_commissioned": 2018,
        "operator_name": null,
        "developer_name": "Sun'Agri",
        "commune": "TRESSERRE",
        "code_dept": "66",
        "departement_name": "Pyrénées-Orientales",
        "region_name": "Occitanie",
        "puissance_mwc": 2.12,
        "surface_ha": null,
        "type_prod_1": "Cultures_spécialisées",
        "type_prod_1_details": "Viticulture",
        "type_prod_2": null,
        "type_prod_3": null,
        "structure_pv": "Panneaux mobiles / trackers",
        "source_primary": "ademe_agrivolt",
        "seen_in_sources": [
          "ademe_agrivolt"
        ],
        "verification_status": "verified",
        "first_seen_at": "2026-04-20T13:46:16.916584+00:00",
        "last_updated_at": "2026-04-20T18:02:51.278191+00:00"
      }
    },
    {
      "type": "Feature",
      "geometry": {
        "type": "Point",
        "coordinates": [
          2.829473,
          42.563082
        ]
      },
      "properties": {
        "slug": "tresserre-tresserre-2-2023-5ccxz8",
        "name": "Tresserre 2",
        "type_installation": "installation pré-APER",
        "status": "raccorde",
        "year_commissioned": 2023,
        "operator_name": null,
        "developer_name": "Sun'Agri",
        "commune": "TRESSERRE",
        "code_dept": "66",
        "departement_name": "Pyrénées-Orientales",
        "region_name": "Occitanie",
        "puissance_mwc": 2.847,
        "surface_ha": null,
        "type_prod_1": "Cultures_spécialisées",
        "type_prod_1_details": "Viticulture",
        "type_prod_2": null,
        "type_prod_3": null,
        "structure_pv": "Panneaux mobiles / trackers",
        "source_primary": "ademe_agrivolt",
        "seen_in_sources": [
          "ademe_agrivolt"
        ],
        "verification_status": "verified",
        "first_seen_at": "2026-04-20T13:46:16.916584+00:00",
        "last_updated_at": "2026-04-20T18:02:51.278191+00:00"
      }
    },
    {
      "type": "Feature",
      "geometry": {
        "type": "Point",
        "coordinates": [
          2.802829,
          42.693349
        ]
      },
      "properties": {
        "slug": "villeneuve-la-riviere-ferme-p2v-bloc-a-tvu2-3",
        "name": "Ferme P2V Bloc A",
        "type_installation": "installation pré-APER",
        "status": "raccorde",
        "year_commissioned": null,
        "operator_name": null,
        "developer_name": "AMARENCO",
        "commune": "VILLENEUVE LA RIVIERE",
        "code_dept": "66",
        "departement_name": "Pyrénées-Orientales",
        "region_name": "Occitanie",
        "puissance_mwc": 3.7,
        "surface_ha": null,
        "type_prod_1": "Cultures_spécialisées",
        "type_prod_1_details": "Fruits",
        "type_prod_2": "Cultures_spécialisées",
        "type_prod_3": null,
        "structure_pv": "Serres",
        "source_primary": "ademe_agrivolt",
        "seen_in_sources": [
          "ademe_agrivolt"
        ],
        "verification_status": "verified",
        "first_seen_at": "2026-04-20T13:46:16.916584+00:00",
        "last_updated_at": "2026-04-20T18:02:51.278191+00:00"
      }
    },
    {
      "type": "Feature",
      "geometry": {
        "type": "Point",
        "coordinates": [
          7.708107,
          48.730941
        ]
      },
      "properties": {
        "slug": "brumath-parc-pilote-agrivoltaique-de-brumath-2024-53amxo",
        "name": "Parc pilote agrivoltaïque de Brumath",
        "type_installation": "installation pré-APER",
        "status": "raccorde",
        "year_commissioned": 2024,
        "operator_name": null,
        "developer_name": "BayWa r.e.",
        "commune": "BRUMATH",
        "code_dept": "67",
        "departement_name": "Bas-Rhin",
        "region_name": "Grand Est",
        "puissance_mwc": 0.432,
        "surface_ha": null,
        "type_prod_1": "Cultures_spécialisées",
        "type_prod_1_details": "Fruits",
        "type_prod_2": null,
        "type_prod_3": null,
        "structure_pv": "Panneaux fixes",
        "source_primary": "ademe_agrivolt",
        "seen_in_sources": [
          "ademe_agrivolt"
        ],
        "verification_status": "verified",
        "first_seen_at": "2026-04-20T13:46:16.916584+00:00",
        "last_updated_at": "2026-04-20T18:02:51.278191+00:00"
      }
    },
    {
      "type": "Feature",
      "geometry": {
        "type": "Point",
        "coordinates": [
          4.75377,
          45.806499
        ]
      },
      "properties": {
        "slug": "dardilly-les-parcelles-du-futur-2023-cv2b2z",
        "name": "Les Parcelles du Futur",
        "type_installation": "démonstrateur expérimental",
        "status": "raccorde",
        "year_commissioned": 2023,
        "operator_name": null,
        "developer_name": "CNR",
        "commune": "DARDILLY",
        "code_dept": "69",
        "departement_name": "Rhône",
        "region_name": "Auvergne-Rhône-Alpes",
        "puissance_mwc": 0.23,
        "surface_ha": null,
        "type_prod_1": "Cultures_spécialisées",
        "type_prod_1_details": "Fruits",
        "type_prod_2": "Cultures_spécialisées",
        "type_prod_3": null,
        "structure_pv": "Panneaux mobiles / trackers",
        "source_primary": "ademe_agrivolt",
        "seen_in_sources": [
          "ademe_agrivolt"
        ],
        "verification_status": "verified",
        "first_seen_at": "2026-04-20T13:46:16.916584+00:00",
        "last_updated_at": "2026-04-20T18:02:51.278191+00:00"
      }
    },
    {
      "type": "Feature",
      "geometry": {
        "type": "Point",
        "coordinates": [
          6.05783,
          47.7997
        ]
      },
      "properties": {
        "slug": "amance-sans-nom-2022-uim1iu",
        "name": null,
        "type_installation": "démonstrateur expérimental",
        "status": "raccorde",
        "year_commissioned": 2022,
        "operator_name": null,
        "developer_name": "TSE",
        "commune": "AMANCE",
        "code_dept": "70",
        "departement_name": "Haute-Saône",
        "region_name": "Bourgogne-Franche-Comté",
        "puissance_mwc": 2.4,
        "surface_ha": null,
        "type_prod_1": "Grandes_cultures",
        "type_prod_1_details": "Céréales",
        "type_prod_2": null,
        "type_prod_3": null,
        "structure_pv": "Panneaux mobiles / trackers",
        "source_primary": "ademe_agrivolt",
        "seen_in_sources": [
          "ademe_agrivolt"
        ],
        "verification_status": "verified",
        "first_seen_at": "2026-04-20T13:46:16.916584+00:00",
        "last_updated_at": "2026-04-20T18:02:51.278191+00:00"
      }
    },
    {
      "type": "Feature",
      "geometry": {
        "type": "Point",
        "coordinates": [
          5.99615,
          47.4171
        ]
      },
      "properties": {
        "slug": "montarlot-les-rioz-montarlot-2025-ta7xkh",
        "name": "Montarlot",
        "type_installation": "démonstrateur expérimental",
        "status": "construction",
        "year_commissioned": 2025,
        "operator_name": null,
        "developer_name": "URBASOLAR",
        "commune": "MONTARLOT LES RIOZ",
        "code_dept": "70",
        "departement_name": "Haute-Saône",
        "region_name": "Bourgogne-Franche-Comté",
        "puissance_mwc": 1.0,
        "surface_ha": null,
        "type_prod_1": "Elevage",
        "type_prod_1_details": "Bovins",
        "type_prod_2": null,
        "type_prod_3": null,
        "structure_pv": "Panneaux fixes",
        "source_primary": "ademe_agrivolt",
        "seen_in_sources": [
          "ademe_agrivolt"
        ],
        "verification_status": "verified",
        "first_seen_at": "2026-04-20T13:46:16.916584+00:00",
        "last_updated_at": "2026-04-20T18:02:51.278191+00:00"
      }
    },
    {
      "type": "Feature",
      "geometry": {
        "type": "Point",
        "coordinates": [
          4.27305,
          46.435314
        ]
      },
      "properties": {
        "slug": "charolles-sans-nom-2021-unanoc",
        "name": null,
        "type_installation": "démonstrateur expérimental",
        "status": "raccorde",
        "year_commissioned": 2021,
        "operator_name": "VALECO",
        "developer_name": "VALECO",
        "commune": "CHAROLLES",
        "code_dept": "71",
        "departement_name": "Saône-et-Loire",
        "region_name": "Bourgogne-Franche-Comté",
        "puissance_mwc": null,
        "surface_ha": null,
        "type_prod_1": "Elevage",
        "type_prod_1_details": "Ovins",
        "type_prod_2": null,
        "type_prod_3": null,
        "structure_pv": "Panneaux fixes",
        "source_primary": "ademe_agrivolt",
        "seen_in_sources": [
          "ademe_agrivolt"
        ],
        "verification_status": "verified",
        "first_seen_at": "2026-04-20T13:46:16.916584+00:00",
        "last_updated_at": "2026-04-20T18:02:51.278191+00:00"
      }
    },
    {
      "type": "Feature",
      "geometry": {
        "type": "Point",
        "coordinates": [
          4.063382,
          46.600523
        ]
      },
      "properties": {
        "slug": "gueugnon-sans-nom-whnf45",
        "name": null,
        "type_installation": "installation pré-APER",
        "status": "autorise",
        "year_commissioned": null,
        "operator_name": null,
        "developer_name": "QAIR France",
        "commune": "Gueugnon",
        "code_dept": "71",
        "departement_name": "Saône-et-Loire",
        "region_name": "Bourgogne-Franche-Comté",
        "puissance_mwc": 15.0,
        "surface_ha": null,
        "type_prod_1": "Elevage",
        "type_prod_1_details": "Bovins",
        "type_prod_2": null,
        "type_prod_3": null,
        "structure_pv": "Panneaux fixes",
        "source_primary": "ademe_agrivolt",
        "seen_in_sources": [
          "ademe_agrivolt",
          "mrae"
        ],
        "verification_status": "verified",
        "first_seen_at": "2026-04-20T13:46:16.916584+00:00",
        "last_updated_at": "2026-04-20T18:02:51.278191+00:00"
      }
    },
    {
      "type": "Feature",
      "geometry": {
        "type": "Point",
        "coordinates": [
          4.063382,
          46.600523
        ]
      },
      "properties": {
        "slug": "gueugnon-sans-nom-e0ffer",
        "name": null,
        "type_installation": "installation pré-APER",
        "status": "construction",
        "year_commissioned": null,
        "operator_name": null,
        "developer_name": "Urbasolar",
        "commune": "Gueugnon",
        "code_dept": "71",
        "departement_name": "Saône-et-Loire",
        "region_name": "Bourgogne-Franche-Comté",
        "puissance_mwc": 5.4,
        "surface_ha": null,
        "type_prod_1": "Elevage",
        "type_prod_1_details": "Bovins",
        "type_prod_2": null,
        "type_prod_3": null,
        "structure_pv": "Panneaux fixes",
        "source_primary": "ademe_agrivolt",
        "seen_in_sources": [
          "ademe_agrivolt",
          "mrae"
        ],
        "verification_status": "verified",
        "first_seen_at": "2026-04-20T13:46:16.916584+00:00",
        "last_updated_at": "2026-04-20T18:02:51.278191+00:00"
      }
    },
    {
      "type": "Feature",
      "geometry": {
        "type": "Point",
        "coordinates": [
          4.681334,
          46.566512
        ]
      },
      "properties": {
        "slug": "malay-faisanderie-de-la-place-2026-dambem",
        "name": "Faisanderie de la Place",
        "type_installation": "installation pré-APER",
        "status": "autorise",
        "year_commissioned": 2026,
        "operator_name": null,
        "developer_name": "URBASOLAR",
        "commune": "MALAY",
        "code_dept": "71",
        "departement_name": "Saône-et-Loire",
        "region_name": "Bourgogne-Franche-Comté",
        "puissance_mwc": 5.0,
        "surface_ha": null,
        "type_prod_1": "Elevage",
        "type_prod_1_details": "Autres",
        "type_prod_2": null,
        "type_prod_3": null,
        "structure_pv": "Panneaux fixes",
        "source_primary": "ademe_agrivolt",
        "seen_in_sources": [
          "ademe_agrivolt"
        ],
        "verification_status": "verified",
        "first_seen_at": "2026-04-20T13:46:16.916584+00:00",
        "last_updated_at": "2026-04-20T18:02:51.278191+00:00"
      }
    },
    {
      "type": "Feature",
      "geometry": {
        "type": "Point",
        "coordinates": [
          5.245214,
          46.572417
        ]
      },
      "properties": {
        "slug": "sainte-croix-en-bresse-sans-nom-2025-ozggyy",
        "name": null,
        "type_installation": "installation pré-APER",
        "status": "raccorde",
        "year_commissioned": 2025,
        "operator_name": null,
        "developer_name": "Unite",
        "commune": "Sainte-Croix-en-Bresse",
        "code_dept": "71",
        "departement_name": "Saône-et-Loire",
        "region_name": "Bourgogne-Franche-Comté",
        "puissance_mwc": 5.6,
        "surface_ha": null,
        "type_prod_1": "Elevage",
        "type_prod_1_details": "Volailles",
        "type_prod_2": null,
        "type_prod_3": null,
        "structure_pv": "Panneaux fixes",
        "source_primary": "ademe_agrivolt",
        "seen_in_sources": [
          "ademe_agrivolt"
        ],
        "verification_status": "verified",
        "first_seen_at": "2026-04-20T13:46:16.916584+00:00",
        "last_updated_at": "2026-04-20T18:02:51.278191+00:00"
      }
    },
    {
      "type": "Feature",
      "geometry": {
        "type": "Point",
        "coordinates": [
          4.461939,
          46.71326
        ]
      },
      "properties": {
        "slug": "saint-eusebe-sans-nom-2018-rnhvof",
        "name": null,
        "type_installation": "installation pré-APER",
        "status": "raccorde",
        "year_commissioned": 2018,
        "operator_name": null,
        "developer_name": "Belectric",
        "commune": "Saint Eusèbe",
        "code_dept": "71",
        "departement_name": "Saône-et-Loire",
        "region_name": "Bourgogne-Franche-Comté",
        "puissance_mwc": 7.48,
        "surface_ha": null,
        "type_prod_1": "Elevage",
        "type_prod_1_details": "Ovin",
        "type_prod_2": null,
        "type_prod_3": null,
        "structure_pv": "Panneaux fixes",
        "source_primary": "ademe_agrivolt",
        "seen_in_sources": [
          "ademe_agrivolt"
        ],
        "verification_status": "verified",
        "first_seen_at": "2026-04-20T13:46:16.916584+00:00",
        "last_updated_at": "2026-04-20T18:02:51.278191+00:00"
      }
    },
    {
      "type": "Feature",
      "geometry": {
        "type": "Point",
        "coordinates": [
          4.039029,
          46.411653
        ]
      },
      "properties": {
        "slug": "saint-yan-sans-nom-2024-jrj87f",
        "name": null,
        "type_installation": "installation pré-APER",
        "status": "raccorde",
        "year_commissioned": 2024,
        "operator_name": null,
        "developer_name": "Luxel",
        "commune": "Saint-Yan",
        "code_dept": "71",
        "departement_name": "Saône-et-Loire",
        "region_name": "Bourgogne-Franche-Comté",
        "puissance_mwc": 19.95,
        "surface_ha": null,
        "type_prod_1": "Elevage",
        "type_prod_1_details": "Ovin",
        "type_prod_2": null,
        "type_prod_3": null,
        "structure_pv": "Panneaux fixes",
        "source_primary": "ademe_agrivolt",
        "seen_in_sources": [
          "ademe_agrivolt"
        ],
        "verification_status": "verified",
        "first_seen_at": "2026-04-20T13:46:16.916584+00:00",
        "last_updated_at": "2026-04-20T18:02:51.278191+00:00"
      }
    },
    {
      "type": "Feature",
      "geometry": {
        "type": "Point",
        "coordinates": [
          4.869504,
          46.640959
        ]
      },
      "properties": {
        "slug": "sennecey-le-grand-sans-nom-2024-ajjamf",
        "name": null,
        "type_installation": "installation pré-APER",
        "status": "raccorde",
        "year_commissioned": 2024,
        "operator_name": null,
        "developer_name": "Luxel",
        "commune": "Sennecey-le-grand",
        "code_dept": "71",
        "departement_name": "Saône-et-Loire",
        "region_name": "Bourgogne-Franche-Comté",
        "puissance_mwc": 12.47,
        "surface_ha": null,
        "type_prod_1": "Elevage",
        "type_prod_1_details": "Ovin",
        "type_prod_2": null,
        "type_prod_3": null,
        "structure_pv": "Panneaux fixes",
        "source_primary": "ademe_agrivolt",
        "seen_in_sources": [
          "ademe_agrivolt"
        ],
        "verification_status": "verified",
        "first_seen_at": "2026-04-20T13:46:16.916584+00:00",
        "last_updated_at": "2026-04-20T18:02:51.278191+00:00"
      }
    },
    {
      "type": "Feature",
      "geometry": {
        "type": "Point",
        "coordinates": [
          0.439067,
          47.646066
        ]
      },
      "properties": {
        "slug": "saint-pierre-de-cheville-chaume-solar-2023-vokw7d",
        "name": "Chaume Solar",
        "type_installation": "installation pré-APER",
        "status": "raccorde",
        "year_commissioned": 2023,
        "operator_name": null,
        "developer_name": "Q ENERGY",
        "commune": "SAINT PIERRE DE CHEVILLE",
        "code_dept": "72",
        "departement_name": "Sarthe",
        "region_name": "Pays de la Loire",
        "puissance_mwc": 28.7,
        "surface_ha": null,
        "type_prod_1": "Elevage",
        "type_prod_1_details": "Ovins",
        "type_prod_2": null,
        "type_prod_3": null,
        "structure_pv": "Panneaux fixes",
        "source_primary": "ademe_agrivolt",
        "seen_in_sources": [
          "ademe_agrivolt"
        ],
        "verification_status": "verified",
        "first_seen_at": "2026-04-20T13:46:16.916584+00:00",
        "last_updated_at": "2026-04-20T18:02:51.278191+00:00"
      }
    },
    {
      "type": "Feature",
      "geometry": {
        "type": "Point",
        "coordinates": [
          6.062653,
          45.922036
        ]
      },
      "properties": {
        "slug": "poisy-demonstrateur-agrivoltaique-bovin-de-poisy-vm-flh",
        "name": "Démonstrateur agrivoltaïque bovin de Poisy",
        "type_installation": "démonstrateur expérimental",
        "status": "raccorde",
        "year_commissioned": null,
        "operator_name": null,
        "developer_name": "Voltalia",
        "commune": "POISY",
        "code_dept": "74",
        "departement_name": "Haute-Savoie",
        "region_name": "Auvergne-Rhône-Alpes",
        "puissance_mwc": 0.25,
        "surface_ha": null,
        "type_prod_1": "Elevage",
        "type_prod_1_details": "Bovins",
        "type_prod_2": null,
        "type_prod_3": null,
        "structure_pv": "Panneaux fixes",
        "source_primary": "ademe_agrivolt",
        "seen_in_sources": [
          "ademe_agrivolt"
        ],
        "verification_status": "verified",
        "first_seen_at": "2026-04-20T13:46:16.916584+00:00",
        "last_updated_at": "2026-04-20T18:02:51.278191+00:00"
      }
    },
    {
      "type": "Feature",
      "geometry": {
        "type": "Point",
        "coordinates": [
          2.815948,
          48.373029
        ]
      },
      "properties": {
        "slug": "ecuelles-les-renardieres-2019-ax7vt3",
        "name": "Les Renardières",
        "type_installation": "démonstrateur expérimental",
        "status": "raccorde",
        "year_commissioned": 2019,
        "operator_name": "EDF Renouvelables",
        "developer_name": "EDF Renouvelables",
        "commune": "ECUELLES",
        "code_dept": "77",
        "departement_name": "Seine-et-Marne",
        "region_name": "Île-de-France",
        "puissance_mwc": 0.115,
        "surface_ha": null,
        "type_prod_1": "Grandes_cultures",
        "type_prod_1_details": "Vente de fourrages",
        "type_prod_2": "Grandes_cultures",
        "type_prod_3": null,
        "structure_pv": "Panneaux mobiles / trackers",
        "source_primary": "ademe_agrivolt",
        "seen_in_sources": [
          "ademe_agrivolt"
        ],
        "verification_status": "verified",
        "first_seen_at": "2026-04-20T13:46:16.916584+00:00",
        "last_updated_at": "2026-04-20T18:02:51.278191+00:00"
      }
    },
    {
      "type": "Feature",
      "geometry": {
        "type": "Point",
        "coordinates": [
          -0.492902,
          46.842557
        ]
      },
      "properties": {
        "slug": "bressuire-sans-nom-2023-mnq6qi",
        "name": null,
        "type_installation": "démonstrateur expérimental",
        "status": "raccorde",
        "year_commissioned": 2023,
        "operator_name": null,
        "developer_name": "SEOLIS",
        "commune": "BRESSUIRE",
        "code_dept": "79",
        "departement_name": "Deux-Sèvres",
        "region_name": "Nouvelle-Aquitaine",
        "puissance_mwc": 0.18,
        "surface_ha": null,
        "type_prod_1": "Elevage",
        "type_prod_1_details": "Ovins",
        "type_prod_2": null,
        "type_prod_3": null,
        "structure_pv": "Modules verticaux bifaciaux",
        "source_primary": "ademe_agrivolt",
        "seen_in_sources": [
          "ademe_agrivolt"
        ],
        "verification_status": "verified",
        "first_seen_at": "2026-04-20T13:46:16.916584+00:00",
        "last_updated_at": "2026-04-20T18:02:51.278191+00:00"
      }
    },
    {
      "type": "Feature",
      "geometry": {
        "type": "Point",
        "coordinates": [
          -0.322791,
          46.532718
        ]
      },
      "properties": {
        "slug": "mazieres-en-gatine-gatine-2027-elfqfd",
        "name": "Gatine",
        "type_installation": "installation pré-APER",
        "status": "autorise",
        "year_commissioned": 2027,
        "operator_name": null,
        "developer_name": "URBASOLAR",
        "commune": "MAZIERES EN GATINE",
        "code_dept": "79",
        "departement_name": "Deux-Sèvres",
        "region_name": "Nouvelle-Aquitaine",
        "puissance_mwc": 5.0,
        "surface_ha": null,
        "type_prod_1": "Elevage",
        "type_prod_1_details": "Autres",
        "type_prod_2": null,
        "type_prod_3": null,
        "structure_pv": "Panneaux fixes",
        "source_primary": "ademe_agrivolt",
        "seen_in_sources": [
          "ademe_agrivolt"
        ],
        "verification_status": "verified",
        "first_seen_at": "2026-04-20T13:46:16.916584+00:00",
        "last_updated_at": "2026-04-20T18:02:51.278191+00:00"
      }
    },
    {
      "type": "Feature",
      "geometry": {
        "type": "Point",
        "coordinates": [
          -0.05576,
          46.395334
        ]
      },
      "properties": {
        "slug": "pamproux-sans-nom-fdr8-y",
        "name": null,
        "type_installation": "installation pré-APER",
        "status": "raccorde",
        "year_commissioned": null,
        "operator_name": null,
        "developer_name": "Technique solaire",
        "commune": "PAMPROUX",
        "code_dept": "79",
        "departement_name": "Deux-Sèvres",
        "region_name": "Nouvelle-Aquitaine",
        "puissance_mwc": 2.07,
        "surface_ha": null,
        "type_prod_1": "Cultures_spécialisées",
        "type_prod_1_details": "Légumes",
        "type_prod_2": null,
        "type_prod_3": null,
        "structure_pv": "Serres",
        "source_primary": "ademe_agrivolt",
        "seen_in_sources": [
          "ademe_agrivolt"
        ],
        "verification_status": "verified",
        "first_seen_at": "2026-04-20T13:46:16.916584+00:00",
        "last_updated_at": "2026-04-20T18:02:51.278191+00:00"
      }
    },
    {
      "type": "Feature",
      "geometry": {
        "type": "Point",
        "coordinates": [
          0.115241,
          46.292876
        ]
      },
      "properties": {
        "slug": "rom-sans-nom-7buacy",
        "name": null,
        "type_installation": "installation pré-APER",
        "status": "raccorde",
        "year_commissioned": null,
        "operator_name": null,
        "developer_name": "Technique solaire",
        "commune": "ROM",
        "code_dept": "79",
        "departement_name": "Deux-Sèvres",
        "region_name": "Nouvelle-Aquitaine",
        "puissance_mwc": 6.2,
        "surface_ha": null,
        "type_prod_1": "Elevage",
        "type_prod_1_details": "Volailles",
        "type_prod_2": null,
        "type_prod_3": null,
        "structure_pv": "Volière",
        "source_primary": "ademe_agrivolt",
        "seen_in_sources": [
          "ademe_agrivolt"
        ],
        "verification_status": "verified",
        "first_seen_at": "2026-04-20T13:46:16.916584+00:00",
        "last_updated_at": "2026-04-20T18:02:51.278191+00:00"
      }
    },
    {
      "type": "Feature",
      "geometry": {
        "type": "Point",
        "coordinates": [
          3.098269,
          49.717545
        ]
      },
      "properties": {
        "slug": "brouchy-sans-nom-2023-qsv241",
        "name": null,
        "type_installation": "démonstrateur expérimental",
        "status": "raccorde",
        "year_commissioned": 2023,
        "operator_name": null,
        "developer_name": "TSE",
        "commune": "BROUCHY",
        "code_dept": "80",
        "departement_name": "Somme",
        "region_name": "Hauts-de-France",
        "puissance_mwc": 2.9,
        "surface_ha": null,
        "type_prod_1": "Grandes_cultures",
        "type_prod_1_details": null,
        "type_prod_2": null,
        "type_prod_3": null,
        "structure_pv": "Panneaux mobiles / trackers",
        "source_primary": "ademe_agrivolt",
        "seen_in_sources": [
          "ademe_agrivolt"
        ],
        "verification_status": "verified",
        "first_seen_at": "2026-04-20T13:46:16.916584+00:00",
        "last_updated_at": "2026-04-20T18:02:51.278191+00:00"
      }
    },
    {
      "type": "Feature",
      "geometry": {
        "type": "Point",
        "coordinates": [
          1.896794,
          43.901677
        ]
      },
      "properties": {
        "slug": "gaillac-gaillac-2018-hczmgb",
        "name": "Gaillac",
        "type_installation": "installation pré-APER",
        "status": "raccorde",
        "year_commissioned": 2018,
        "operator_name": "Photosol Groupe - Photom",
        "developer_name": "Photosol Développement",
        "commune": "GAILLAC",
        "code_dept": "81",
        "departement_name": "Tarn",
        "region_name": "Occitanie",
        "puissance_mwc": 10.0,
        "surface_ha": null,
        "type_prod_1": "Elevage",
        "type_prod_1_details": "Ovins",
        "type_prod_2": null,
        "type_prod_3": null,
        "structure_pv": "Panneaux fixes",
        "source_primary": "ademe_agrivolt",
        "seen_in_sources": [
          "ademe_agrivolt"
        ],
        "verification_status": "verified",
        "first_seen_at": "2026-04-20T13:46:16.916584+00:00",
        "last_updated_at": "2026-04-20T18:02:51.278191+00:00"
      }
    },
    {
      "type": "Feature",
      "geometry": {
        "type": "Point",
        "coordinates": [
          2.17475,
          43.5546
        ]
      },
      "properties": {
        "slug": "viviers-les-montagnes-sans-nom-2017-03n53p",
        "name": null,
        "type_installation": "installation pré-APER",
        "status": "raccorde",
        "year_commissioned": 2017,
        "operator_name": null,
        "developer_name": "REDEN SOLAR",
        "commune": "VIVIERS-LES-MONTAGNES",
        "code_dept": "81",
        "departement_name": "Tarn",
        "region_name": "Occitanie",
        "puissance_mwc": 2.1,
        "surface_ha": null,
        "type_prod_1": "Cultures_spécialisées",
        "type_prod_1_details": "Légumes",
        "type_prod_2": "Cultures_spécialisées",
        "type_prod_3": null,
        "structure_pv": "Serres",
        "source_primary": "ademe_agrivolt",
        "seen_in_sources": [
          "ademe_agrivolt"
        ],
        "verification_status": "verified",
        "first_seen_at": "2026-04-20T13:46:16.916584+00:00",
        "last_updated_at": "2026-04-20T18:02:51.278191+00:00"
      }
    },
    {
      "type": "Feature",
      "geometry": {
        "type": "Point",
        "coordinates": [
          1.539167,
          44.090278
        ]
      },
      "properties": {
        "slug": "bioule-bioule-2021-nlg3ee",
        "name": "Bioule",
        "type_installation": "installation pré-APER",
        "status": "raccorde",
        "year_commissioned": 2021,
        "operator_name": "Neoen",
        "developer_name": "Neoen",
        "commune": "BIOULE",
        "code_dept": "82",
        "departement_name": "Tarn-et-Garonne",
        "region_name": "Occitanie",
        "puissance_mwc": 13.5,
        "surface_ha": null,
        "type_prod_1": "Elevage",
        "type_prod_1_details": "Ovins",
        "type_prod_2": null,
        "type_prod_3": null,
        "structure_pv": "Panneaux fixes",
        "source_primary": "ademe_agrivolt",
        "seen_in_sources": [
          "ademe_agrivolt"
        ],
        "verification_status": "verified",
        "first_seen_at": "2026-04-20T13:46:16.916584+00:00",
        "last_updated_at": "2026-04-20T18:02:51.278191+00:00"
      }
    },
    {
      "type": "Feature",
      "geometry": {
        "type": "Point",
        "coordinates": [
          1.10234,
          43.861699
        ]
      },
      "properties": {
        "slug": "comberouger-sans-nom-2025-keohq3",
        "name": null,
        "type_installation": "installation pré-APER",
        "status": "construction",
        "year_commissioned": 2025,
        "operator_name": null,
        "developer_name": "Solveo energies",
        "commune": "COMBEROUGER",
        "code_dept": "82",
        "departement_name": "Tarn-et-Garonne",
        "region_name": "Occitanie",
        "puissance_mwc": 3.3,
        "surface_ha": null,
        "type_prod_1": "Cultures_spécialisées",
        "type_prod_1_details": "Légumes",
        "type_prod_2": "Cultures_spécialisées",
        "type_prod_3": null,
        "structure_pv": "Serres",
        "source_primary": "ademe_agrivolt",
        "seen_in_sources": [
          "ademe_agrivolt"
        ],
        "verification_status": "verified",
        "first_seen_at": "2026-04-20T13:46:16.916584+00:00",
        "last_updated_at": "2026-04-20T18:02:51.278191+00:00"
      }
    },
    {
      "type": "Feature",
      "geometry": {
        "type": "Point",
        "coordinates": [
          1.297069,
          43.828961
        ]
      },
      "properties": {
        "slug": "grisolles-sans-nom-ixw-n8",
        "name": null,
        "type_installation": "démonstrateur expérimental",
        "status": "raccorde",
        "year_commissioned": null,
        "operator_name": "OMBREA",
        "developer_name": "OMBREA",
        "commune": "GRISOLLES",
        "code_dept": "82",
        "departement_name": "Tarn-et-Garonne",
        "region_name": "Occitanie",
        "puissance_mwc": 0.079,
        "surface_ha": null,
        "type_prod_1": "Cultures_spécialisées",
        "type_prod_1_details": "Fruits",
        "type_prod_2": null,
        "type_prod_3": null,
        "structure_pv": "Panneaux mobiles / trackers",
        "source_primary": "ademe_agrivolt",
        "seen_in_sources": [
          "ademe_agrivolt"
        ],
        "verification_status": "verified",
        "first_seen_at": "2026-04-20T13:46:16.916584+00:00",
        "last_updated_at": "2026-04-20T18:02:51.278191+00:00"
      }
    },
    {
      "type": "Feature",
      "geometry": {
        "type": "Point",
        "coordinates": [
          6.073705,
          43.149703
        ]
      },
      "properties": {
        "slug": "la-crau-terre-de-pivoine-2021-dywl5q",
        "name": "Terre de pivoine",
        "type_installation": "installation pré-APER",
        "status": "raccorde",
        "year_commissioned": 2021,
        "operator_name": null,
        "developer_name": "OMBREA",
        "commune": "LA CRAU",
        "code_dept": "83",
        "departement_name": "Var",
        "region_name": "Provence-Alpes-Côte d'Azur",
        "puissance_mwc": 0.011,
        "surface_ha": null,
        "type_prod_1": "Cultures_spécialisées",
        "type_prod_1_details": "Horticulture",
        "type_prod_2": null,
        "type_prod_3": null,
        "structure_pv": "Panneaux mobiles / trackers",
        "source_primary": "ademe_agrivolt",
        "seen_in_sources": [
          "ademe_agrivolt"
        ],
        "verification_status": "verified",
        "first_seen_at": "2026-04-20T13:46:16.916584+00:00",
        "last_updated_at": "2026-04-20T18:02:51.278191+00:00"
      }
    },
    {
      "type": "Feature",
      "geometry": {
        "type": "Point",
        "coordinates": [
          5.757094,
          43.606017
        ]
      },
      "properties": {
        "slug": "rians-rians-1-2019-5f7f8w",
        "name": "Rians 1",
        "type_installation": "démonstrateur expérimental",
        "status": "raccorde",
        "year_commissioned": 2019,
        "operator_name": "Agriteos",
        "developer_name": "Agriteos ( Total Energies renouvelables)",
        "commune": "RIANS",
        "code_dept": "83",
        "departement_name": "Var",
        "region_name": "Provence-Alpes-Côte d'Azur",
        "puissance_mwc": 0.028,
        "surface_ha": null,
        "type_prod_1": "Cultures_spécialisées",
        "type_prod_1_details": "Viticulture",
        "type_prod_2": null,
        "type_prod_3": null,
        "structure_pv": "Panneaux mobiles / trackers",
        "source_primary": "ademe_agrivolt",
        "seen_in_sources": [
          "ademe_agrivolt"
        ],
        "verification_status": "verified",
        "first_seen_at": "2026-04-20T13:46:16.916584+00:00",
        "last_updated_at": "2026-04-20T18:02:51.278191+00:00"
      }
    },
    {
      "type": "Feature",
      "geometry": {
        "type": "Point",
        "coordinates": [
          5.757094,
          43.606017
        ]
      },
      "properties": {
        "slug": "rians-rians-2-2020-zesz44",
        "name": "Rians 2",
        "type_installation": "démonstrateur expérimental",
        "status": "raccorde",
        "year_commissioned": 2020,
        "operator_name": "Agriteos",
        "developer_name": "Agriteos ( Total Energies renouvelables)",
        "commune": "RIANS",
        "code_dept": "83",
        "departement_name": "Var",
        "region_name": "Provence-Alpes-Côte d'Azur",
        "puissance_mwc": 0.084,
        "surface_ha": null,
        "type_prod_1": "Cultures_spécialisées",
        "type_prod_1_details": "Viticulture",
        "type_prod_2": null,
        "type_prod_3": null,
        "structure_pv": "Panneaux mobiles / trackers",
        "source_primary": "ademe_agrivolt",
        "seen_in_sources": [
          "ademe_agrivolt"
        ],
        "verification_status": "verified",
        "first_seen_at": "2026-04-20T13:46:16.916584+00:00",
        "last_updated_at": "2026-04-20T18:02:51.278191+00:00"
      }
    },
    {
      "type": "Feature",
      "geometry": {
        "type": "Point",
        "coordinates": [
          5.862294,
          43.452205
        ]
      },
      "properties": {
        "slug": "saint-maximin-la-sainte-baume-sans-nom-guxpax",
        "name": null,
        "type_installation": "installation pré-APER",
        "status": "raccorde",
        "year_commissioned": null,
        "operator_name": null,
        "developer_name": "URBASOLAR",
        "commune": "SAINT-MAXIMIN-LA-SAINTE-BAUME",
        "code_dept": "83",
        "departement_name": "Var",
        "region_name": "Provence-Alpes-Côte d'Azur",
        "puissance_mwc": 2.8,
        "surface_ha": null,
        "type_prod_1": "Cultures_spécialisées",
        "type_prod_1_details": "Fruits",
        "type_prod_2": "Cultures_spécialisées",
        "type_prod_3": null,
        "structure_pv": "Serres",
        "source_primary": "ademe_agrivolt",
        "seen_in_sources": [
          "ademe_agrivolt"
        ],
        "verification_status": "verified",
        "first_seen_at": "2026-04-20T13:46:16.916584+00:00",
        "last_updated_at": "2026-04-20T18:02:51.278191+00:00"
      }
    },
    {
      "type": "Feature",
      "geometry": {
        "type": "Point",
        "coordinates": [
          5.86367,
          43.29086
        ]
      },
      "properties": {
        "slug": "signes-signes-2018-fqxme6",
        "name": "Signes",
        "type_installation": "installation pré-APER",
        "status": "raccorde",
        "year_commissioned": 2018,
        "operator_name": "ARKOLIA",
        "developer_name": "ARKOLIA",
        "commune": "SIGNES",
        "code_dept": "83",
        "departement_name": "Var",
        "region_name": "Provence-Alpes-Côte d'Azur",
        "puissance_mwc": 3.7,
        "surface_ha": null,
        "type_prod_1": "Elevage",
        "type_prod_1_details": "Ovins",
        "type_prod_2": null,
        "type_prod_3": null,
        "structure_pv": "Panneaux fixes",
        "source_primary": "ademe_agrivolt",
        "seen_in_sources": [
          "ademe_agrivolt"
        ],
        "verification_status": "verified",
        "first_seen_at": "2026-04-20T13:46:16.916584+00:00",
        "last_updated_at": "2026-04-20T18:02:51.278191+00:00"
      }
    },
    {
      "type": "Feature",
      "geometry": {
        "type": "Point",
        "coordinates": [
          5.397065,
          43.875794
        ]
      },
      "properties": {
        "slug": "apt-apt-2023-pyxz1d",
        "name": "Apt",
        "type_installation": "démonstrateur expérimental",
        "status": "raccorde",
        "year_commissioned": 2023,
        "operator_name": "Agriteos",
        "developer_name": "Agriteos ( Total Energies renouvelables)",
        "commune": "APT",
        "code_dept": "84",
        "departement_name": "Vaucluse",
        "region_name": "Provence-Alpes-Côte d'Azur",
        "puissance_mwc": 0.096,
        "surface_ha": null,
        "type_prod_1": "Cultures_spécialisées",
        "type_prod_1_details": "Fruits",
        "type_prod_2": null,
        "type_prod_3": null,
        "structure_pv": "Panneaux mobiles / trackers",
        "source_primary": "ademe_agrivolt",
        "seen_in_sources": [
          "ademe_agrivolt"
        ],
        "verification_status": "verified",
        "first_seen_at": "2026-04-20T13:46:16.916584+00:00",
        "last_updated_at": "2026-04-20T18:02:51.278191+00:00"
      }
    },
    {
      "type": "Feature",
      "geometry": {
        "type": "Point",
        "coordinates": [
          5.048768,
          44.055404
        ]
      },
      "properties": {
        "slug": "carpentras-carpentras-2023-dgvngb",
        "name": "Carpentras",
        "type_installation": "installation pré-APER",
        "status": "raccorde",
        "year_commissioned": 2023,
        "operator_name": null,
        "developer_name": "Sun'Agri",
        "commune": "CARPENTRAS",
        "code_dept": "84",
        "departement_name": "Vaucluse",
        "region_name": "Provence-Alpes-Côte d'Azur",
        "puissance_mwc": 0.95,
        "surface_ha": null,
        "type_prod_1": "Cultures_spécialisées",
        "type_prod_1_details": "Fruits",
        "type_prod_2": null,
        "type_prod_3": null,
        "structure_pv": "Panneaux mobiles / trackers",
        "source_primary": "ademe_agrivolt",
        "seen_in_sources": [
          "ademe_agrivolt"
        ],
        "verification_status": "verified",
        "first_seen_at": "2026-04-20T13:46:16.916584+00:00",
        "last_updated_at": "2026-04-20T18:02:51.278191+00:00"
      }
    },
    {
      "type": "Feature",
      "geometry": {
        "type": "Point",
        "coordinates": [
          5.038352,
          43.835681
        ]
      },
      "properties": {
        "slug": "cavaillon-cavaillon-2024-6nqktj",
        "name": "Cavaillon",
        "type_installation": "installation pré-APER",
        "status": "raccorde",
        "year_commissioned": 2024,
        "operator_name": null,
        "developer_name": "Sun'Agri",
        "commune": "CAVAILLON",
        "code_dept": "84",
        "departement_name": "Vaucluse",
        "region_name": "Provence-Alpes-Côte d'Azur",
        "puissance_mwc": 2.21,
        "surface_ha": null,
        "type_prod_1": "Cultures_spécialisées",
        "type_prod_1_details": "Fruits",
        "type_prod_2": null,
        "type_prod_3": null,
        "structure_pv": "Panneaux mobiles / trackers",
        "source_primary": "ademe_agrivolt",
        "seen_in_sources": [
          "ademe_agrivolt"
        ],
        "verification_status": "verified",
        "first_seen_at": "2026-04-20T13:46:16.916584+00:00",
        "last_updated_at": "2026-04-20T18:02:51.278191+00:00"
      }
    },
    {
      "type": "Feature",
      "geometry": {
        "type": "Point",
        "coordinates": [
          4.994578,
          43.928823
        ]
      },
      "properties": {
        "slug": "le-thor-le-thor-2025-azzcte",
        "name": "Le Thor",
        "type_installation": "installation pré-APER",
        "status": "construction",
        "year_commissioned": 2025,
        "operator_name": null,
        "developer_name": "Sun'Agri",
        "commune": "LE THOR",
        "code_dept": "84",
        "departement_name": "Vaucluse",
        "region_name": "Provence-Alpes-Côte d'Azur",
        "puissance_mwc": 3.69,
        "surface_ha": null,
        "type_prod_1": "Cultures_spécialisées",
        "type_prod_1_details": "Fruits",
        "type_prod_2": null,
        "type_prod_3": null,
        "structure_pv": "Panneaux mobiles / trackers",
        "source_primary": "ademe_agrivolt",
        "seen_in_sources": [
          "ademe_agrivolt"
        ],
        "verification_status": "verified",
        "first_seen_at": "2026-04-20T13:46:16.916584+00:00",
        "last_updated_at": "2026-04-20T18:02:51.278191+00:00"
      }
    },
    {
      "type": "Feature",
      "geometry": {
        "type": "Point",
        "coordinates": [
          4.762829,
          44.178621
        ]
      },
      "properties": {
        "slug": "piolenc-piolenc-2019-beyilx",
        "name": "Piolenc",
        "type_installation": "démonstrateur expérimental",
        "status": "raccorde",
        "year_commissioned": 2019,
        "operator_name": null,
        "developer_name": "Sun'Agri",
        "commune": "PIOLENC",
        "code_dept": "84",
        "departement_name": "Vaucluse",
        "region_name": "Provence-Alpes-Côte d'Azur",
        "puissance_mwc": null,
        "surface_ha": null,
        "type_prod_1": "Cultures_spécialisées",
        "type_prod_1_details": "Viticulture",
        "type_prod_2": null,
        "type_prod_3": null,
        "structure_pv": "Panneaux mobiles / trackers",
        "source_primary": "ademe_agrivolt",
        "seen_in_sources": [
          "ademe_agrivolt"
        ],
        "verification_status": "verified",
        "first_seen_at": "2026-04-20T13:46:16.916584+00:00",
        "last_updated_at": "2026-04-20T18:02:51.278191+00:00"
      }
    },
    {
      "type": "Feature",
      "geometry": {
        "type": "Point",
        "coordinates": [
          4.900038,
          44.181705
        ]
      },
      "properties": {
        "slug": "travaillan-travaillan-2025-mtvkmi",
        "name": "Travaillan",
        "type_installation": "installation pré-APER",
        "status": "construction",
        "year_commissioned": 2025,
        "operator_name": null,
        "developer_name": "Sun'Agri",
        "commune": "TRAVAILLAN",
        "code_dept": "84",
        "departement_name": "Vaucluse",
        "region_name": "Provence-Alpes-Côte d'Azur",
        "puissance_mwc": 2.825,
        "surface_ha": null,
        "type_prod_1": "Cultures_spécialisées",
        "type_prod_1_details": "Viticulture",
        "type_prod_2": null,
        "type_prod_3": null,
        "structure_pv": "Panneaux mobiles / trackers",
        "source_primary": "ademe_agrivolt",
        "seen_in_sources": [
          "ademe_agrivolt"
        ],
        "verification_status": "verified",
        "first_seen_at": "2026-04-20T13:46:16.916584+00:00",
        "last_updated_at": "2026-04-20T18:02:51.278191+00:00"
      }
    },
    {
      "type": "Feature",
      "geometry": {
        "type": "Point",
        "coordinates": [
          4.80107,
          44.209105
        ]
      },
      "properties": {
        "slug": "uchaux-fagrolab-2024-6nq6a6",
        "name": "Fagrolab",
        "type_installation": "installation pré-APER",
        "status": "raccorde",
        "year_commissioned": 2024,
        "operator_name": null,
        "developer_name": "QAIR France",
        "commune": "UCHAUX",
        "code_dept": "84",
        "departement_name": "Vaucluse",
        "region_name": "Provence-Alpes-Côte d'Azur",
        "puissance_mwc": 0.18,
        "surface_ha": null,
        "type_prod_1": "Cultures_spécialisées",
        "type_prod_1_details": "Fruits",
        "type_prod_2": null,
        "type_prod_3": null,
        "structure_pv": "Serres",
        "source_primary": "ademe_agrivolt",
        "seen_in_sources": [
          "ademe_agrivolt"
        ],
        "verification_status": "verified",
        "first_seen_at": "2026-04-20T13:46:16.916584+00:00",
        "last_updated_at": "2026-04-20T18:02:51.278191+00:00"
      }
    },
    {
      "type": "Feature",
      "geometry": {
        "type": "Point",
        "coordinates": [
          0.140317,
          46.358573
        ]
      },
      "properties": {
        "slug": "champagne-saint-hilaire-sans-nom-2024-cfmwep",
        "name": null,
        "type_installation": "démonstrateur expérimental",
        "status": "raccorde",
        "year_commissioned": 2024,
        "operator_name": "VALECO",
        "developer_name": "VALECO",
        "commune": "CHAMPAGNE SAINT HILAIRE",
        "code_dept": "86",
        "departement_name": "Vienne",
        "region_name": "Nouvelle-Aquitaine",
        "puissance_mwc": 0.25,
        "surface_ha": null,
        "type_prod_1": "Elevage",
        "type_prod_1_details": "Bovins",
        "type_prod_2": null,
        "type_prod_3": null,
        "structure_pv": "Panneaux fixes",
        "source_primary": "ademe_agrivolt",
        "seen_in_sources": [
          "ademe_agrivolt"
        ],
        "verification_status": "verified",
        "first_seen_at": "2026-04-20T13:46:16.916584+00:00",
        "last_updated_at": "2026-04-20T18:02:51.278191+00:00"
      }
    },
    {
      "type": "Feature",
      "geometry": {
        "type": "Point",
        "coordinates": [
          0.393845,
          46.185265
        ]
      },
      "properties": {
        "slug": "chapelle-baton-chapelle-baton-2028-oeqao9",
        "name": "Chapelle Bâton",
        "type_installation": "installation pré-APER",
        "status": "autorise",
        "year_commissioned": 2028,
        "operator_name": "Photosol Groupe - Photom",
        "developer_name": "Photosol Développement",
        "commune": "CHAPELLE BATON",
        "code_dept": "86",
        "departement_name": "Vienne",
        "region_name": "Nouvelle-Aquitaine",
        "puissance_mwc": 29.0,
        "surface_ha": null,
        "type_prod_1": "Elevage",
        "type_prod_1_details": "Ovins",
        "type_prod_2": null,
        "type_prod_3": null,
        "structure_pv": "Panneaux fixes",
        "source_primary": "ademe_agrivolt",
        "seen_in_sources": [
          "ademe_agrivolt"
        ],
        "verification_status": "verified",
        "first_seen_at": "2026-04-20T13:46:16.916584+00:00",
        "last_updated_at": "2026-04-20T18:02:51.278191+00:00"
      }
    },
    {
      "type": "Feature",
      "geometry": {
        "type": "Point",
        "coordinates": [
          0.725156,
          46.403248
        ]
      },
      "properties": {
        "slug": "lussac-les-chateaux-l-age-bourget-2026-rbuxnk",
        "name": "L'Age Bourget",
        "type_installation": "installation pré-APER",
        "status": "autorise",
        "year_commissioned": 2026,
        "operator_name": "SARL Parc agrivoltaïque de Lussac-les-Châteaux",
        "developer_name": "RP Global France",
        "commune": "LUSSAC LES CHATEAUX",
        "code_dept": "86",
        "departement_name": "Vienne",
        "region_name": "Nouvelle-Aquitaine",
        "puissance_mwc": 20.67,
        "surface_ha": null,
        "type_prod_1": "Elevage",
        "type_prod_1_details": "Ovins",
        "type_prod_2": null,
        "type_prod_3": null,
        "structure_pv": "Panneaux mobiles / trackers",
        "source_primary": "ademe_agrivolt",
        "seen_in_sources": [
          "ademe_agrivolt"
        ],
        "verification_status": "verified",
        "first_seen_at": "2026-04-20T13:46:16.916584+00:00",
        "last_updated_at": "2026-04-20T18:02:51.278191+00:00"
      }
    },
    {
      "type": "Feature",
      "geometry": {
        "type": "Point",
        "coordinates": [
          0.705079,
          46.344515
        ]
      },
      "properties": {
        "slug": "persac-les-agoulins-2028-3ev-yb",
        "name": "Les  Agoulins",
        "type_installation": "installation pré-APER",
        "status": "autorise",
        "year_commissioned": 2028,
        "operator_name": "SARL Parc agrivoltaïque des Chetis Agoulins",
        "developer_name": "RP Global France",
        "commune": "PERSAC",
        "code_dept": "86",
        "departement_name": "Vienne",
        "region_name": "Nouvelle-Aquitaine",
        "puissance_mwc": 8.9,
        "surface_ha": null,
        "type_prod_1": "Elevage",
        "type_prod_1_details": "Ovins - viande",
        "type_prod_2": null,
        "type_prod_3": null,
        "structure_pv": "Ombrières mobiles / trackers",
        "source_primary": "ademe_agrivolt",
        "seen_in_sources": [
          "ademe_agrivolt"
        ],
        "verification_status": "verified",
        "first_seen_at": "2026-04-20T13:46:16.916584+00:00",
        "last_updated_at": "2026-04-20T18:02:51.278191+00:00"
      }
    },
    {
      "type": "Feature",
      "geometry": {
        "type": "Point",
        "coordinates": [
          -0.005939,
          46.494331
        ]
      },
      "properties": {
        "slug": "sanxay-le-grand-pre-2027-s9zfsm",
        "name": "Le Grand Pré",
        "type_installation": "installation pré-APER",
        "status": "autorise",
        "year_commissioned": 2027,
        "operator_name": "SARL Parc agrivoltaïque de Sanxay",
        "developer_name": "RP Global France",
        "commune": "SANXAY",
        "code_dept": "86",
        "departement_name": "Vienne",
        "region_name": "Nouvelle-Aquitaine",
        "puissance_mwc": 3.7,
        "surface_ha": null,
        "type_prod_1": "Elevage",
        "type_prod_1_details": "Ovins - viande",
        "type_prod_2": null,
        "type_prod_3": null,
        "structure_pv": "Ombrières mobiles / trackers",
        "source_primary": "ademe_agrivolt",
        "seen_in_sources": [
          "ademe_agrivolt"
        ],
        "verification_status": "verified",
        "first_seen_at": "2026-04-20T13:46:16.916584+00:00",
        "last_updated_at": "2026-04-20T18:02:51.278191+00:00"
      }
    },
    {
      "type": "Feature",
      "geometry": {
        "type": "Point",
        "coordinates": [
          0.636404,
          46.509449
        ]
      },
      "properties": {
        "slug": "valdivienne-sans-nom-2027-ecow4t",
        "name": null,
        "type_installation": "installation pré-APER",
        "status": "autorise",
        "year_commissioned": 2027,
        "operator_name": null,
        "developer_name": "STATKRAFT RENOUVELABLES",
        "commune": "VALDIVIENNE",
        "code_dept": "86",
        "departement_name": "Vienne",
        "region_name": "Nouvelle-Aquitaine",
        "puissance_mwc": 10.6,
        "surface_ha": null,
        "type_prod_1": "Elevage",
        "type_prod_1_details": "Ovins",
        "type_prod_2": null,
        "type_prod_3": null,
        "structure_pv": "Panneaux fixes",
        "source_primary": "ademe_agrivolt",
        "seen_in_sources": [
          "ademe_agrivolt"
        ],
        "verification_status": "verified",
        "first_seen_at": "2026-04-20T13:46:16.916584+00:00",
        "last_updated_at": "2026-04-20T18:02:51.278191+00:00"
      }
    },
    {
      "type": "Feature",
      "geometry": {
        "type": "Point",
        "coordinates": [
          1.050063,
          46.120622
        ]
      },
      "properties": {
        "slug": "bellac-bellac-2024-4f-c8p",
        "name": "Bellac",
        "type_installation": "installation pré-APER",
        "status": "raccorde",
        "year_commissioned": 2024,
        "operator_name": "Photosol Groupe - Photom",
        "developer_name": "Photosol Développement",
        "commune": "BELLAC",
        "code_dept": "87",
        "departement_name": "Haute-Vienne",
        "region_name": "Nouvelle-Aquitaine",
        "puissance_mwc": 19.8,
        "surface_ha": null,
        "type_prod_1": "Elevage",
        "type_prod_1_details": "Ovins",
        "type_prod_2": null,
        "type_prod_3": null,
        "structure_pv": "Panneaux fixes",
        "source_primary": "ademe_agrivolt",
        "seen_in_sources": [
          "ademe_agrivolt",
          "mrae"
        ],
        "verification_status": "verified",
        "first_seen_at": "2026-04-20T13:46:16.916584+00:00",
        "last_updated_at": "2026-04-20T18:02:51.278191+00:00"
      }
    },
    {
      "type": "Feature",
      "geometry": {
        "type": "Point",
        "coordinates": [
          1.133983,
          45.950842
        ]
      },
      "properties": {
        "slug": "peyrilhac-peyrilhac-1-2027-ivieig",
        "name": "Peyrilhac 1",
        "type_installation": "installation pré-APER",
        "status": "autorise",
        "year_commissioned": 2027,
        "operator_name": "Photosol Groupe - Photom",
        "developer_name": "Photosol Développement",
        "commune": "PEYRILHAC",
        "code_dept": "87",
        "departement_name": "Haute-Vienne",
        "region_name": "Nouvelle-Aquitaine",
        "puissance_mwc": 12.8,
        "surface_ha": null,
        "type_prod_1": "Grandes_cultures",
        "type_prod_1_details": "Céréales",
        "type_prod_2": null,
        "type_prod_3": null,
        "structure_pv": "Panneaux mobiles / trackers",
        "source_primary": "ademe_agrivolt",
        "seen_in_sources": [
          "ademe_agrivolt"
        ],
        "verification_status": "verified",
        "first_seen_at": "2026-04-20T13:46:16.916584+00:00",
        "last_updated_at": "2026-04-20T18:02:51.278191+00:00"
      }
    },
    {
      "type": "Feature",
      "geometry": {
        "type": "Point",
        "coordinates": [
          1.133983,
          45.950842
        ]
      },
      "properties": {
        "slug": "peyrilhac-peyrilhac-2-2027-f29yiu",
        "name": "Peyrilhac 2",
        "type_installation": "installation pré-APER",
        "status": "autorise",
        "year_commissioned": 2027,
        "operator_name": "Photosol Groupe - Photom",
        "developer_name": "Photosol Développement",
        "commune": "PEYRILHAC",
        "code_dept": "87",
        "departement_name": "Haute-Vienne",
        "region_name": "Nouvelle-Aquitaine",
        "puissance_mwc": 3.5,
        "surface_ha": null,
        "type_prod_1": "Grandes_cultures",
        "type_prod_1_details": "Céréales",
        "type_prod_2": null,
        "type_prod_3": null,
        "structure_pv": "Panneaux mobiles / trackers",
        "source_primary": "ademe_agrivolt",
        "seen_in_sources": [
          "ademe_agrivolt"
        ],
        "verification_status": "verified",
        "first_seen_at": "2026-04-20T13:46:16.916584+00:00",
        "last_updated_at": "2026-04-20T18:02:51.278191+00:00"
      }
    },
    {
      "type": "Feature",
      "geometry": {
        "type": "Point",
        "coordinates": [
          0.8496,
          46.16719
        ]
      },
      "properties": {
        "slug": "saint-martial-sur-isop-stmart87163-3-2026-8jeqt2",
        "name": "STMART87163-3",
        "type_installation": "démonstrateur expérimental",
        "status": "autorise",
        "year_commissioned": 2026,
        "operator_name": "ENOE",
        "developer_name": "ENOE",
        "commune": "Saint-Martial-sur-Isop",
        "code_dept": "87",
        "departement_name": "Haute-Vienne",
        "region_name": "Nouvelle-Aquitaine",
        "puissance_mwc": 0.213,
        "surface_ha": null,
        "type_prod_1": "Elevage",
        "type_prod_1_details": "Ovins",
        "type_prod_2": null,
        "type_prod_3": null,
        "structure_pv": "Panneaux mobiles / trackers",
        "source_primary": "ademe_agrivolt",
        "seen_in_sources": [
          "ademe_agrivolt"
        ],
        "verification_status": "verified",
        "first_seen_at": "2026-04-20T13:46:16.916584+00:00",
        "last_updated_at": "2026-04-20T18:02:51.278191+00:00"
      }
    },
    {
      "type": "Feature",
      "geometry": {
        "type": "Point",
        "coordinates": [
          3.98576,
          47.65093
        ]
      },
      "properties": {
        "slug": "grimault-villiers-la-grange-2029-hrtdkf",
        "name": "VILLIERS LA GRANGE",
        "type_installation": "installation pré-APER",
        "status": "autorise",
        "year_commissioned": 2029,
        "operator_name": "GLHD",
        "developer_name": "GLHD",
        "commune": "GRIMAULT",
        "code_dept": "89",
        "departement_name": "Yonne",
        "region_name": "Bourgogne-Franche-Comté",
        "puissance_mwc": 60.0,
        "surface_ha": null,
        "type_prod_1": "Elevage",
        "type_prod_1_details": "Ovins",
        "type_prod_2": "Cultures_spécialisées",
        "type_prod_3": "Cultures_spécialisées",
        "structure_pv": "Panneaux mobiles / trackers",
        "source_primary": "ademe_agrivolt",
        "seen_in_sources": [
          "ademe_agrivolt"
        ],
        "verification_status": "verified",
        "first_seen_at": "2026-04-20T13:46:16.916584+00:00",
        "last_updated_at": "2026-04-20T18:02:51.278191+00:00"
      }
    },
    {
      "type": "Feature",
      "geometry": {
        "type": "Point",
        "coordinates": [
          2.30498,
          48.398743
        ]
      },
      "properties": {
        "slug": "valpuiseaux-parc-solaire-de-valpuiseaux-2022-rmjglq",
        "name": "Parc solaire de Valpuiseaux",
        "type_installation": "démonstrateur expérimental",
        "status": "raccorde",
        "year_commissioned": 2022,
        "operator_name": "OMBREA",
        "developer_name": "OMBREA",
        "commune": "VALPUISEAUX",
        "code_dept": "91",
        "departement_name": "Essonne",
        "region_name": "Île-de-France",
        "puissance_mwc": 0.111,
        "surface_ha": null,
        "type_prod_1": "Grandes_cultures",
        "type_prod_1_details": "Céréales",
        "type_prod_2": null,
        "type_prod_3": null,
        "structure_pv": "Modules verticaux bifaciaux",
        "source_primary": "ademe_agrivolt",
        "seen_in_sources": [
          "ademe_agrivolt"
        ],
        "verification_status": "verified",
        "first_seen_at": "2026-04-20T13:46:16.916584+00:00",
        "last_updated_at": "2026-04-20T18:02:51.278191+00:00"
      }
    },
    {
      "type": "Feature",
      "geometry": {
        "type": "Point",
        "coordinates": [
          -61.347623,
          16.331671
        ]
      },
      "properties": {
        "slug": "le-moule-agrimarguerite-j3e7nu",
        "name": "Agrimarguerite",
        "type_installation": "installation pré-APER",
        "status": "construction",
        "year_commissioned": null,
        "operator_name": null,
        "developer_name": "AKUO",
        "commune": "LE MOULE",
        "code_dept": "971",
        "departement_name": "Guadeloupe",
        "region_name": "Guadeloupe",
        "puissance_mwc": 1.5,
        "surface_ha": null,
        "type_prod_1": "Elevage",
        "type_prod_1_details": "Volailles",
        "type_prod_2": null,
        "type_prod_3": null,
        "structure_pv": "Panneaux fixes",
        "source_primary": "ademe_agrivolt",
        "seen_in_sources": [
          "ademe_agrivolt"
        ],
        "verification_status": "verified",
        "first_seen_at": "2026-04-20T13:46:16.916584+00:00",
        "last_updated_at": "2026-04-20T18:02:51.278191+00:00"
      }
    },
    {
      "type": "Feature",
      "geometry": {
        "type": "Point",
        "coordinates": [
          -61.275071,
          16.2532
        ]
      },
      "properties": {
        "slug": "saint-francois-kichenassamy-2022-3kx5gs",
        "name": "Kichenassamy",
        "type_installation": "installation pré-APER",
        "status": "raccorde",
        "year_commissioned": 2022,
        "operator_name": null,
        "developer_name": "Apex energies",
        "commune": "SAINT-FRANCOIS",
        "code_dept": "971",
        "departement_name": "Guadeloupe",
        "region_name": "Guadeloupe",
        "puissance_mwc": 1.27,
        "surface_ha": null,
        "type_prod_1": "Cultures_spécialisées",
        "type_prod_1_details": "Légumes",
        "type_prod_2": null,
        "type_prod_3": null,
        "structure_pv": "Serres",
        "source_primary": "ademe_agrivolt",
        "seen_in_sources": [
          "ademe_agrivolt"
        ],
        "verification_status": "verified",
        "first_seen_at": "2026-04-20T13:46:16.916584+00:00",
        "last_updated_at": "2026-04-20T18:02:51.278191+00:00"
      }
    },
    {
      "type": "Feature",
      "geometry": {
        "type": "Point",
        "coordinates": [
          55.684794,
          -20.998744
        ]
      },
      "properties": {
        "slug": "bras-panon-sans-nom-2024-w-mleo",
        "name": null,
        "type_installation": "installation pré-APER",
        "status": "raccorde",
        "year_commissioned": 2024,
        "operator_name": null,
        "developer_name": "Corsica Sole",
        "commune": "BRAS PANON",
        "code_dept": "974",
        "departement_name": "La Réunion",
        "region_name": "La Réunion",
        "puissance_mwc": 0.1,
        "surface_ha": null,
        "type_prod_1": "Cultures_spécialisées",
        "type_prod_1_details": "Fruits",
        "type_prod_2": null,
        "type_prod_3": null,
        "structure_pv": "Serres",
        "source_primary": "ademe_agrivolt",
        "seen_in_sources": [
          "ademe_agrivolt"
        ],
        "verification_status": "verified",
        "first_seen_at": "2026-04-20T13:46:16.916584+00:00",
        "last_updated_at": "2026-04-20T18:02:51.278191+00:00"
      }
    },
    {
      "type": "Feature",
      "geometry": {
        "type": "Point",
        "coordinates": [
          55.449704,
          -20.881919
        ]
      },
      "properties": {
        "slug": "etang-sale-les-cedres-2012-xhsipx",
        "name": "Les Cèdres",
        "type_installation": "installation pré-APER",
        "status": "raccorde",
        "year_commissioned": 2012,
        "operator_name": null,
        "developer_name": "AKUO",
        "commune": "ETANG-SALE",
        "code_dept": "974",
        "departement_name": "La Réunion",
        "region_name": "La Réunion",
        "puissance_mwc": 7.5,
        "surface_ha": null,
        "type_prod_1": "Cultures_spécialisées",
        "type_prod_1_details": "Légumes",
        "type_prod_2": "Elevage",
        "type_prod_3": null,
        "structure_pv": "Panneaux fixes",
        "source_primary": "ademe_agrivolt",
        "seen_in_sources": [
          "ademe_agrivolt"
        ],
        "verification_status": "verified",
        "first_seen_at": "2026-04-20T13:46:16.916584+00:00",
        "last_updated_at": "2026-04-20T18:02:51.278191+00:00"
      }
    },
    {
      "type": "Feature",
      "geometry": {
        "type": "Point",
        "coordinates": [
          55.449704,
          -20.881919
        ]
      },
      "properties": {
        "slug": "etang-sale-les-cedres-2012-t9btmb",
        "name": "Les Cèdres",
        "type_installation": "installation pré-APER",
        "status": "raccorde",
        "year_commissioned": 2012,
        "operator_name": null,
        "developer_name": "AKUO",
        "commune": "ETANG-SALE",
        "code_dept": "974",
        "departement_name": "La Réunion",
        "region_name": "La Réunion",
        "puissance_mwc": 1.5,
        "surface_ha": null,
        "type_prod_1": "Cultures_spécialisées",
        "type_prod_1_details": "Pisciculture",
        "type_prod_2": null,
        "type_prod_3": null,
        "structure_pv": "Panneaux fixes",
        "source_primary": "ademe_agrivolt",
        "seen_in_sources": [
          "ademe_agrivolt"
        ],
        "verification_status": "verified",
        "first_seen_at": "2026-04-20T13:46:16.916584+00:00",
        "last_updated_at": "2026-04-20T18:02:51.278191+00:00"
      }
    },
    {
      "type": "Feature",
      "geometry": {
        "type": "Point",
        "coordinates": [
          55.291676,
          -20.935458
        ]
      },
      "properties": {
        "slug": "le-port-bardzour-2014-sw30qe",
        "name": "Bardzour",
        "type_installation": "installation pré-APER",
        "status": "raccorde",
        "year_commissioned": 2014,
        "operator_name": null,
        "developer_name": "AKUO",
        "commune": "LE PORT",
        "code_dept": "974",
        "departement_name": "La Réunion",
        "region_name": "La Réunion",
        "puissance_mwc": 0.6,
        "surface_ha": null,
        "type_prod_1": "Cultures_spécialisées",
        "type_prod_1_details": "Légumes",
        "type_prod_2": "Cultures_spécialisées",
        "type_prod_3": null,
        "structure_pv": "Serres",
        "source_primary": "ademe_agrivolt",
        "seen_in_sources": [
          "ademe_agrivolt"
        ],
        "verification_status": "verified",
        "first_seen_at": "2026-04-20T13:46:16.916584+00:00",
        "last_updated_at": "2026-04-20T18:02:51.278191+00:00"
      }
    },
    {
      "type": "Feature",
      "geometry": {
        "type": "Point",
        "coordinates": [
          55.277158,
          -21.00061
        ]
      },
      "properties": {
        "slug": "le-tampon-agrinergie-1-2010-uewj7m",
        "name": "Agrinergie 1",
        "type_installation": "installation pré-APER",
        "status": "raccorde",
        "year_commissioned": 2010,
        "operator_name": null,
        "developer_name": "AKUO",
        "commune": "LE TAMPON",
        "code_dept": "974",
        "departement_name": "La Réunion",
        "region_name": "La Réunion",
        "puissance_mwc": 1.0,
        "surface_ha": null,
        "type_prod_1": "Cultures_spécialisées",
        "type_prod_1_details": "Horticulture",
        "type_prod_2": null,
        "type_prod_3": null,
        "structure_pv": "Serres",
        "source_primary": "ademe_agrivolt",
        "seen_in_sources": [
          "ademe_agrivolt"
        ],
        "verification_status": "verified",
        "first_seen_at": "2026-04-20T13:46:16.916584+00:00",
        "last_updated_at": "2026-04-20T18:02:51.278191+00:00"
      }
    },
    {
      "type": "Feature",
      "geometry": {
        "type": "Point",
        "coordinates": [
          55.684794,
          -20.998744
        ]
      },
      "properties": {
        "slug": "saint-joseph-agrinergie-5-2013-vjdtnb",
        "name": "Agrinergie 5",
        "type_installation": "installation pré-APER",
        "status": "raccorde",
        "year_commissioned": 2013,
        "operator_name": null,
        "developer_name": "AKUO",
        "commune": "SAINT-JOSEPH",
        "code_dept": "974",
        "departement_name": "La Réunion",
        "region_name": "La Réunion",
        "puissance_mwc": 1.4,
        "surface_ha": null,
        "type_prod_1": "Cultures_spécialisées",
        "type_prod_1_details": "Fruits",
        "type_prod_2": "Cultures_spécialisées",
        "type_prod_3": null,
        "structure_pv": "Serres",
        "source_primary": "ademe_agrivolt",
        "seen_in_sources": [
          "ademe_agrivolt"
        ],
        "verification_status": "verified",
        "first_seen_at": "2026-04-20T13:46:16.916584+00:00",
        "last_updated_at": "2026-04-20T18:02:51.278191+00:00"
      }
    },
    {
      "type": "Feature",
      "geometry": {
        "type": "Point",
        "coordinates": [
          55.466325,
          -21.254819
        ]
      },
      "properties": {
        "slug": "saint-louis-agrinergie-3-2012-awd-5f",
        "name": "Agrinergie 3",
        "type_installation": "installation pré-APER",
        "status": "raccorde",
        "year_commissioned": 2012,
        "operator_name": null,
        "developer_name": "AKUO",
        "commune": "SAINT-LOUIS",
        "code_dept": "974",
        "departement_name": "La Réunion",
        "region_name": "La Réunion",
        "puissance_mwc": 2.0,
        "surface_ha": null,
        "type_prod_1": "Cultures_spécialisées",
        "type_prod_1_details": "Fruits",
        "type_prod_2": null,
        "type_prod_3": null,
        "structure_pv": "Serres",
        "source_primary": "ademe_agrivolt",
        "seen_in_sources": [
          "ademe_agrivolt"
        ],
        "verification_status": "verified",
        "first_seen_at": "2026-04-20T13:46:16.916584+00:00",
        "last_updated_at": "2026-04-20T18:02:51.278191+00:00"
      }
    },
    {
      "type": "Feature",
      "geometry": {
        "type": "Point",
        "coordinates": [
          55.466325,
          -21.254819
        ]
      },
      "properties": {
        "slug": "saint-louis-centrale-agrivoltaique-du-domaine-de-bellevue-vtqyrs",
        "name": "Centrale agrivoltaïque du Domaine de Bellevue",
        "type_installation": "installation pré-APER",
        "status": "raccorde",
        "year_commissioned": null,
        "operator_name": null,
        "developer_name": "GREENYELLOW",
        "commune": "SAINT-LOUIS",
        "code_dept": "974",
        "departement_name": "La Réunion",
        "region_name": "La Réunion",
        "puissance_mwc": 2.5,
        "surface_ha": null,
        "type_prod_1": "Cultures_spécialisées",
        "type_prod_1_details": "Autres",
        "type_prod_2": null,
        "type_prod_3": null,
        "structure_pv": "Panneaux fixes",
        "source_primary": "ademe_agrivolt",
        "seen_in_sources": [
          "ademe_agrivolt"
        ],
        "verification_status": "verified",
        "first_seen_at": "2026-04-20T13:46:16.916584+00:00",
        "last_updated_at": "2026-04-20T18:02:51.278191+00:00"
      }
    },
    {
      "type": "Feature",
      "geometry": {
        "type": "Point",
        "coordinates": [
          55.291676,
          -20.935458
        ]
      },
      "properties": {
        "slug": "saint-pierre-ligne-des-400-2011-xecpcb",
        "name": "Ligne des 400",
        "type_installation": "installation pré-APER",
        "status": "raccorde",
        "year_commissioned": 2011,
        "operator_name": null,
        "developer_name": "AKUO",
        "commune": "SAINT-PIERRE",
        "code_dept": "974",
        "departement_name": "La Réunion",
        "region_name": "La Réunion",
        "puissance_mwc": 2.6,
        "surface_ha": null,
        "type_prod_1": "Cultures_spécialisées",
        "type_prod_1_details": "Fruits",
        "type_prod_2": null,
        "type_prod_3": null,
        "structure_pv": "Panneaux fixes",
        "source_primary": "ademe_agrivolt",
        "seen_in_sources": [
          "ademe_agrivolt"
        ],
        "verification_status": "verified",
        "first_seen_at": "2026-04-20T13:46:16.916584+00:00",
        "last_updated_at": "2026-04-20T18:02:51.278191+00:00"
      }
    },
    {
      "type": "Feature",
      "geometry": {
        "type": "Point",
        "coordinates": [
          55.477617,
          -21.341298
        ]
      },
      "properties": {
        "slug": "saint-pierre-ravine-blanche-i-ii-rhxd5x",
        "name": "Ravine Blanche I & II",
        "type_installation": "installation pré-APER",
        "status": "construction",
        "year_commissioned": null,
        "operator_name": null,
        "developer_name": "AKUO",
        "commune": "SAINT-PIERRE",
        "code_dept": "974",
        "departement_name": "La Réunion",
        "region_name": "La Réunion",
        "puissance_mwc": 3.3,
        "surface_ha": null,
        "type_prod_1": "Elevage",
        "type_prod_1_details": "Volailles",
        "type_prod_2": null,
        "type_prod_3": null,
        "structure_pv": "Panneaux fixes",
        "source_primary": "ademe_agrivolt",
        "seen_in_sources": [
          "ademe_agrivolt"
        ],
        "verification_status": "verified",
        "first_seen_at": "2026-04-20T13:46:16.916584+00:00",
        "last_updated_at": "2026-04-20T18:02:51.278191+00:00"
      }
    },
    {
      "type": "Feature",
      "geometry": {
        "type": "Point",
        "coordinates": [
          45.183995,
          -12.843308
        ]
      },
      "properties": {
        "slug": "dembeni-lesport-2024-ibm0cj",
        "name": "Lesport",
        "type_installation": "installation pré-APER",
        "status": "raccorde",
        "year_commissioned": 2024,
        "operator_name": null,
        "developer_name": "AKUO",
        "commune": "DEMBENI",
        "code_dept": "976",
        "departement_name": "Mayotte",
        "region_name": "Mayotte",
        "puissance_mwc": 1.3,
        "surface_ha": null,
        "type_prod_1": "Cultures_spécialisées",
        "type_prod_1_details": "Fruits",
        "type_prod_2": null,
        "type_prod_3": null,
        "structure_pv": "Serres",
        "source_primary": "ademe_agrivolt",
        "seen_in_sources": [
          "ademe_agrivolt"
        ],
        "verification_status": "verified",
        "first_seen_at": "2026-04-20T13:46:16.916584+00:00",
        "last_updated_at": "2026-04-20T18:02:51.278191+00:00"
      }
    }
  ]
}